subject_id,study_id,report_path,disease,automatic_state,mention_states,needs_review,reviewed_state,evidence
10000980,50985099,/mnt/c/Users/Zila/Downloads/BN5212/MIMIC-CXR/p10/p10/p10000980/s50985099.txt,Pneumonia,uncertain,uncertain,True,,Previous mild pulmonary edema and possible concurrent pneumonia has all cleared.
10000980,57861150,/mnt/c/Users/Zila/Downloads/BN5212/MIMIC-CXR/p10/p10/p10000980/s57861150.txt,Pulmonary edema,conflicting,negative|positive,True,,Previous pattern of mild pulmonary edema has essentially resolved. | Interval resolution of previously seen mild pulmonary edema with trace bilateral pleural effusions.
10001884,50807032,/mnt/c/Users/Zila/Downloads/BN5212/MIMIC-CXR/p10/p10/p10001884/s50807032.txt,Bronchiectasis,uncertain,uncertain,True,,No change in the probable right apical bronchiectasis.
10001884,51817555,/mnt/c/Users/Zila/Downloads/BN5212/MIMIC-CXR/p10/p10/p10001884/s51817555.txt,Pleural effusion,conflicting,negative|positive,True,,Relative increase in opacity over the lung bases bilaterally is felt due to overlying soft tissue rather than consolidation or pleural effusion. | No large pleural effusion or pneumothorax is seen.
10001884,53268982,/mnt/c/Users/Zila/Downloads/BN5212/MIMIC-CXR/p10/p10/p10001884/s53268982.txt,Pneumonia,uncertain,uncertain,True,,Asymmetric opacity in the right middle lobe is concerning for pneumonia. | Right middle lobe opacity concerning for pneumonia.
10002428,56100138,/mnt/c/Users/Zila/Downloads/BN5212/MIMIC-CXR/p10/p10/p10002428/s56100138.txt,Ileus,uncertain,uncertain,True,,Multiple dilated loops of small bowel may represent ileus or obstruction.
10002428,58601917,/mnt/c/Users/Zila/Downloads/BN5212/MIMIC-CXR/p10/p10/p10002428/s58601917.txt,Pleural effusion,conflicting,negative|positive,True,,"Constant extent and distribution of the known left pleural effusion with mild to moderate retrocardiac and basal atelectasis. | On the right, the pleural drain is in unchanged position and there is no evidence of a larger pleural effusion."
10003019,57194088,/mnt/c/Users/Zila/Downloads/BN5212/MIMIC-CXR/p10/p10/p10003019/s57194088.txt,Pneumonia,uncertain,uncertain,True,,"Scattered opacities in the lungs, as seen on prior chest radiographs, could represent pneumonia or sarcoidosis flair."
10003019,57194088,/mnt/c/Users/Zila/Downloads/BN5212/MIMIC-CXR/p10/p10/p10003019/s57194088.txt,Sarcoidosis,uncertain,uncertain,True,,"Scattered opacities in the lungs, as seen on prior chest radiographs, could represent pneumonia or sarcoidosis flair."
10003019,58365492,/mnt/c/Users/Zila/Downloads/BN5212/MIMIC-CXR/p10/p10/p10003019/s58365492.txt,Pneumonia,uncertain,uncertain,True,,New left lower lobe consolidation concerning for acute pneumonia.
10003502,52139270,/mnt/c/Users/Zila/Downloads/BN5212/MIMIC-CXR/p10/p10/p10003502/s52139270.txt,Pneumonia,uncertain,uncertain,True,,"Bilateral pleural effusions, cardiomegaly and mild edema suggest fluid overload, however, given the clinical history, underlying consolidation due to pneumonia cannot be excluded at the lung bases."
10003502,57812613,/mnt/c/Users/Zila/Downloads/BN5212/MIMIC-CXR/p10/p10/p10003502/s57812613.txt,Pleural effusion,conflicting,negative|positive,True,,There is a moderate-sized left pleural effusion which is increased in size from the prior exam in ___. | There is no right pleural effusion. | Enlarging moderate left pleural effusion.
10004235,52379321,/mnt/c/Users/Zila/Downloads/BN5212/MIMIC-CXR/p10/p10/p10004235/s52379321.txt,Pulmonary edema,positive,positive|uncertain,True,,Pulmonary vascular engorgement and diffuse airspace opacities likely relates to pulmonary vascular congestion and mild pulmonary edema in the setting of volume resuscitation. | Pulmonary vascular congestion and probable mild pulmonary edema.
10005024,53950795,/mnt/c/Users/Zila/Downloads/BN5212/MIMIC-CXR/p10/p10/p10005024/s53950795.txt,Pneumonia,uncertain,uncertain,True,,"In addition, there is worsening pulmonary edema as well as a worsening right lower lobe infiltrate which could represent pneumonia in the correct clinical setting. | Worsening combination of pleural effusion, pulmonary edema and possibly pneumonia particularly in the right lower lobe."
10005024,59581256,/mnt/c/Users/Zila/Downloads/BN5212/MIMIC-CXR/p10/p10/p10005024/s59581256.txt,Pneumonia,uncertain,negative|uncertain,True,,"Confluent opacification at the base of the right lung is probably atelectasis, pleural mild pneumonia is difficult to exclude. | In all other locations there no findings that would raise the possibility of pneumonia."
10007795,54317369,/mnt/c/Users/Zila/Downloads/BN5212/MIMIC-CXR/p10/p10/p10007795/s54317369.txt,Pleural effusion,uncertain,uncertain,True,,Retrocardiac and left basilar opacity is similar to the prior radiographs and may represent a combination of pleural effusion and atelectasis. | Persistant right basilar and retrocardiac atelectasis with possible left pleural effusion.
10007795,54492585,/mnt/c/Users/Zila/Downloads/BN5212/MIMIC-CXR/p10/p10/p10007795/s54492585.txt,Pleural effusion,conflicting,negative|positive,True,,"A small left pleural effusion persists. | There is no right pleural effusion. | Improvement in left basilar opacity, with persistent small left pleural effusion."
10007795,54492585,/mnt/c/Users/Zila/Downloads/BN5212/MIMIC-CXR/p10/p10/p10007795/s54492585.txt,Pneumonia,uncertain,uncertain,True,,"A new right basilar opacity is present, likely atelectasis, although pneumonia cannot be excluded. | New right basilar opacity, which may represent pneumonia in the correct clinical setting."
10009049,58922574,/mnt/c/Users/Zila/Downloads/BN5212/MIMIC-CXR/p10/p10/p10009049/s58922574.txt,Hemorrhage,uncertain,uncertain,True,,"There has been interval development of bibasilar opacities, which are concerning for a rapidly developing pneumonia versus alveolar hemorrhage. | Short interval development of bibasilar opacities, which are concerning for a rapidly developing pneumonia versus alveolar hemorrhage."
10009049,58922574,/mnt/c/Users/Zila/Downloads/BN5212/MIMIC-CXR/p10/p10/p10009049/s58922574.txt,Pleural effusion,conflicting,negative|positive,True,,There appears to be a small left pleural effusion. | There is no right pleural effusion or pneumothorax.
10009049,58922574,/mnt/c/Users/Zila/Downloads/BN5212/MIMIC-CXR/p10/p10/p10009049/s58922574.txt,Pneumonia,uncertain,uncertain,True,,"There has been interval development of bibasilar opacities, which are concerning for a rapidly developing pneumonia versus alveolar hemorrhage. | Short interval development of bibasilar opacities, which are concerning for a rapidly developing pneumonia versus alveolar hemorrhage."
10010471,51674194,/mnt/c/Users/Zila/Downloads/BN5212/MIMIC-CXR/p10/p10/p10010471/s51674194.txt,Pulmonary edema,uncertain,uncertain,True,,Findings are suggestive of pulmonary edema.
10010867,52872599,/mnt/c/Users/Zila/Downloads/BN5212/MIMIC-CXR/p10/p10/p10010867/s52872599.txt,Edema,uncertain,uncertain,True,,"Hazy opacification that has developed over much of the right lung is probably edema, although posteriorly layering pleural effusion might have the same visual impact."
10010867,58830152,/mnt/c/Users/Zila/Downloads/BN5212/MIMIC-CXR/p10/p10/p10010867/s58830152.txt,Pneumonia,uncertain,uncertain,True,,Cardiomediastinal silhouette is unchanged but there is interval progression of left lung consolidation and right widening out that might be concerning for a combination of pulmonary edema and pneumonia.
10010867,58830152,/mnt/c/Users/Zila/Downloads/BN5212/MIMIC-CXR/p10/p10/p10010867/s58830152.txt,Pulmonary edema,uncertain,uncertain,True,,Cardiomediastinal silhouette is unchanged but there is interval progression of left lung consolidation and right widening out that might be concerning for a combination of pulmonary edema and pneumonia.
10010867,59325322,/mnt/c/Users/Zila/Downloads/BN5212/MIMIC-CXR/p10/p10/p10010867/s59325322.txt,Pleural effusion,uncertain,uncertain,True,,"Minimal blunting of the right costophrenic angle could represent a small right pleural effusion, but is not significantly changed."
10010867,59851295,/mnt/c/Users/Zila/Downloads/BN5212/MIMIC-CXR/p10/p10/p10010867/s59851295.txt,Edema,uncertain,uncertain,True,,"Mild interstitial abnormality, is probably edema."
10011668,57317530,/mnt/c/Users/Zila/Downloads/BN5212/MIMIC-CXR/p10/p10/p10011668/s57317530.txt,Aortic dissection,uncertain,uncertain,True,,"Please note that a normal chest radiograph does not exclude a dissection, and if, based on clinical condition, aortic dissection is suspected then CTA of the Chest can be obtained for assessment."
10011938,51900145,/mnt/c/Users/Zila/Downloads/BN5212/MIMIC-CXR/p10/p10/p10011938/s51900145.txt,Pulmonary edema,uncertain,uncertain,True,,"There is again seen mild prominence of the pulmonary interstitial markings suggestive of pulmonary edema, stable."
10012261,53728467,/mnt/c/Users/Zila/Downloads/BN5212/MIMIC-CXR/p10/p10/p10012261/s53728467.txt,Pneumonia,uncertain,uncertain,True,,Interval development of right lower lobe opacities concerning for pneumonia. | Residual opacity in the left lung base is slightly decreased from prior though may represent persistent pneumonia or aspiration. | Interval development of right lower lobe consolidation concerning for pneumonia. | Persistent though decreased opacity in the left lung base may represent residual pneumonia/aspiration.
10012261,56872341,/mnt/c/Users/Zila/Downloads/BN5212/MIMIC-CXR/p10/p10/p10012261/s56872341.txt,Pneumonia,uncertain,uncertain,True,,"There is persistence of the right medial opacity, concerning for pneumonia. | Persistence of the right medial opacity since ___ is concerning for pneumonia."
10012261,57578434,/mnt/c/Users/Zila/Downloads/BN5212/MIMIC-CXR/p10/p10/p10012261/s57578434.txt,Pleural effusion,uncertain,uncertain,True,,"The left hemidiaphragmatic contour is not sharply seen, suggesting that some of this may represent layering pleural effusion in addition to areas of recurrent aspiration."
10013653,53718217,/mnt/c/Users/Zila/Downloads/BN5212/MIMIC-CXR/p10/p10/p10013653/s53718217.txt,Pulmonary edema,uncertain,uncertain,True,,"Further has been some improvement in generalized interstitial abnormality during the course of the day, probably a reflection of diuresis and improvement in a component of pulmonary edema."
10015931,51155735,/mnt/c/Users/Zila/Downloads/BN5212/MIMIC-CXR/p10/p10/p10015931/s51155735.txt,Pneumonia,uncertain,uncertain,True,,"In the appropriate clinical setting, it would be difficult to exclude superimposed pneumonia, especially in the absence of a lateral view."
10016742,51877206,/mnt/c/Users/Zila/Downloads/BN5212/MIMIC-CXR/p10/p10/p10016742/s51877206.txt,Pleural effusion,uncertain,uncertain,True,,"Although this could represent volume loss in the right lower lobe with associated pleural effusion, in the appropriate clinical setting superimposed pneumonia would have to be considered."
10018081,50772344,/mnt/c/Users/Zila/Downloads/BN5212/MIMIC-CXR/p10/p10/p10018081/s50772344.txt,Pneumonia,uncertain,uncertain,True,,"Persistent retrocardiac consolidation and more patchy opacity at the right base remain and are concerning for atelectasis, aspiration or bibasilar pneumonia."
10018081,52153377,/mnt/c/Users/Zila/Downloads/BN5212/MIMIC-CXR/p10/p10/p10018081/s52153377.txt,Osteoarthritis,uncertain,uncertain,True,,Probable old healed fracture right clavicle as well severe right glenohumeral osteoarthritis.
10018081,52355329,/mnt/c/Users/Zila/Downloads/BN5212/MIMIC-CXR/p10/p10/p10018081/s52355329.txt,Pneumonia,uncertain,uncertain,True,,"In the appropriate clinical setting however superimposed pneumonia cannot be excluded. | In the correct clinical setting however, superimposed pneumonia cannot be excluded."
10018081,55281127,/mnt/c/Users/Zila/Downloads/BN5212/MIMIC-CXR/p10/p10/p10018081/s55281127.txt,Pleural effusion,uncertain,uncertain,True,,There is opacification of the left hemidiaphragm concerning for atelectasis versus pleural effusion.
10018081,55297211,/mnt/c/Users/Zila/Downloads/BN5212/MIMIC-CXR/p10/p10/p10018081/s55297211.txt,Pleural effusion,conflicting,negative|positive,True,,"Pulmonary edema has nearly resolved, with associated resolving right pleural effusion. | Stable cardiomegaly, and small left pleural effusion with adjacent basilar atelectasis."
10018081,55554731,/mnt/c/Users/Zila/Downloads/BN5212/MIMIC-CXR/p10/p10/p10018081/s55554731.txt,Pleural effusion,positive,positive|uncertain,True,,"Dense extensive retrocardiac opacification with air bronchograms and a probable associated pleural effusion persists without clear change. | A pleural effusion is not apparent on the right on this study, which may be due to a true decrease or consequence of differences in positioning. | Persistent extensive retrocardiac opacification, most commonly due to atelectasis, with a pleural effusion."
10018081,55554731,/mnt/c/Users/Zila/Downloads/BN5212/MIMIC-CXR/p10/p10/p10018081/s55554731.txt,Pneumonia,uncertain,uncertain,True,,"There is a new focal opacity in the left upper lobe with a geometric appearance, probably compatible with atelectasis; a newly forming area of pneumonia is not excluded, however."
10018081,55605617,/mnt/c/Users/Zila/Downloads/BN5212/MIMIC-CXR/p10/p10/p10018081/s55605617.txt,Pneumonia,uncertain,uncertain,True,,Coexisting pneumonia is possible in the appropriate clinical setting.
10018081,56762822,/mnt/c/Users/Zila/Downloads/BN5212/MIMIC-CXR/p10/p10/p10018081/s56762822.txt,Pneumonia,uncertain,uncertain,True,,"Although this may represent partial lower lobe atelectasis, aspiration and pneumonia should also be considered."
10018081,56942504,/mnt/c/Users/Zila/Downloads/BN5212/MIMIC-CXR/p10/p10/p10018081/s56942504.txt,Pneumonia,positive,positive|uncertain,True,,"Findings are consistent with small to moderate bilateral pleural effusions with overlying atelectasis, underlying consolidation due to pneumonia is not excluded. | Bilateral pleural effusions, pulmonary edema, and marked enlargement of the cardiac silhouette suggest CHF, however underlying consolidation due to pneumonia at the lung bases not excluded in the appropriate clinical setting."
10018081,58479559,/mnt/c/Users/Zila/Downloads/BN5212/MIMIC-CXR/p10/p10/p10018081/s58479559.txt,Pleural effusion,conflicting,negative|positive,True,,"Left lung base opacity has worsened since prior chest x-ray due to increased pleural effusion and left lower lobe collapse. | Right lung is clear without consolidation, nodules or pleural effusion. | Heart size is partially obscured by left pleural effusion but appears within normal limits. | Interval increase of left lung base collapse and pleural effusion, is concerning for pneumonia."
10018081,58479559,/mnt/c/Users/Zila/Downloads/BN5212/MIMIC-CXR/p10/p10/p10018081/s58479559.txt,Pneumonia,positive,positive|uncertain,True,,"In the appropriate clinical setting pneumonia should be considered. | Interval increase of left lung base collapse and pleural effusion, is concerning for pneumonia."
10018081,59614225,/mnt/c/Users/Zila/Downloads/BN5212/MIMIC-CXR/p10/p10/p10018081/s59614225.txt,Pneumonia,uncertain,uncertain,True,,"Although these findings may represent atelectasis, aspiration and/or bibasilar pneumonia should also be considered."
10018712,56085991,/mnt/c/Users/Zila/Downloads/BN5212/MIMIC-CXR/p10/p10/p10018712/s56085991.txt,Edema,uncertain,uncertain,True,,Possible mild interstitial edema.
10019003,53307223,/mnt/c/Users/Zila/Downloads/BN5212/MIMIC-CXR/p10/p10/p10019003/s53307223.txt,Pleural effusion,conflicting,negative|positive,True,,There is a new small left pleural effusion. | No right pleural effusion. | New small retrocardiac opacity with small left pleural effusion is worrisome for pneumonia in the appropriate clinical setting.
10019003,56482942,/mnt/c/Users/Zila/Downloads/BN5212/MIMIC-CXR/p10/p10/p10019003/s56482942.txt,Pneumonia,uncertain,uncertain,True,,There is interval improvement of left basal atelectasis but still there is a persistent left perihilar opacities that might represent residua of aspiration or developing pneumonia.
10019385,50273827,/mnt/c/Users/Zila/Downloads/BN5212/MIMIC-CXR/p10/p10/p10019385/s50273827.txt,Pleural effusion,uncertain,uncertain,True,,"Probable tiny left pleural effusion, improved."
10019385,55200571,/mnt/c/Users/Zila/Downloads/BN5212/MIMIC-CXR/p10/p10/p10019385/s55200571.txt,Pleural effusion,conflicting,negative|positive,True,,No large pleural effusion is seen although trace pleural effusion is difficult to exclude.
10019777,55627966,/mnt/c/Users/Zila/Downloads/BN5212/MIMIC-CXR/p10/p10/p10019777/s55627966.txt,Pneumonia,uncertain,uncertain,True,,"Subtle right basilar opacity, which could represent residual pneumonia."
10020944,54060261,/mnt/c/Users/Zila/Downloads/BN5212/MIMIC-CXR/p10/p10/p10020944/s54060261.txt,Pneumonia,uncertain,uncertain,True,,"Right lower lobe consolidation which may represent pneumonia, aspiration, or atelectasis, is unchanged."
10020944,54752011,/mnt/c/Users/Zila/Downloads/BN5212/MIMIC-CXR/p10/p10/p10020944/s54752011.txt,Pleural effusion,positive,positive|uncertain,True,,"Allowing for this limitation, there is opacification of the right lower lung, likely due to a combination of atelectasis given volume loss with rightward mediastnal shift to the right and possible pleural effusion. | Right lower lobe consolidation, likely a combination of atelectasis or consolidation with pleural effusion."
10020944,57029107,/mnt/c/Users/Zila/Downloads/BN5212/MIMIC-CXR/p10/p10/p10020944/s57029107.txt,Pleural effusion,uncertain,uncertain,True,,"Otherwise, there is no significant interval change compared with the previous examination, with opacification of the right lower lung field, likely a combination of at least some atelectasis and possible consolidation/pleural effusion."
10021487,52532886,/mnt/c/Users/Zila/Downloads/BN5212/MIMIC-CXR/p10/p10/p10021487/s52532886.txt,Pleural effusion,positive,positive|uncertain,True,,"Veil-like opacification over the right hemithorax is probably largely pleural effusion, but it obscures the lungs and makes it impossible to exclude interstitial edema or even lower lobe atelectasis. | The left pleural effusion is small and left lung demonstrates mild edema."
10021487,52532886,/mnt/c/Users/Zila/Downloads/BN5212/MIMIC-CXR/p10/p10/p10021487/s52532886.txt,Pneumonia,uncertain,uncertain,True,,"On the left, the opacification at the bases is so severe that it is possible to diagnose likely collapsed, alternatively pneumonia."
10021487,55024078,/mnt/c/Users/Zila/Downloads/BN5212/MIMIC-CXR/p10/p10/p10021487/s55024078.txt,Pulmonary edema,uncertain,uncertain,True,,There is prominence of pulmonary vascular markings suggestive of a moderate pulmonary edema.
10021487,57549992,/mnt/c/Users/Zila/Downloads/BN5212/MIMIC-CXR/p10/p10/p10021487/s57549992.txt,Pleural effusion,uncertain,uncertain,True,,"There is definitely greater opacification projecting over the right lung now than earlier, but I am unsure what it is, probably basilar atelectasis and new pleural effusion."
10021927,52138197,/mnt/c/Users/Zila/Downloads/BN5212/MIMIC-CXR/p10/p10/p10021927/s52138197.txt,Pleural effusion,uncertain,uncertain,True,,There is probably a small right pleural effusion
10021927,56863750,/mnt/c/Users/Zila/Downloads/BN5212/MIMIC-CXR/p10/p10/p10021927/s56863750.txt,Pneumonia,positive,positive|uncertain,True,,"Increasing bilateral diffuse airspace opacities which can be seen in the setting of multifocal pneumonia and pulmonary edema. | Increasing and diffuse bilateral airspace opacities, concerning for pulmonary edema however superimposed multifocal pneumonia cannot be excluded."
10021927,56863750,/mnt/c/Users/Zila/Downloads/BN5212/MIMIC-CXR/p10/p10/p10021927/s56863750.txt,Pulmonary edema,positive,positive|uncertain,True,,"Increasing bilateral diffuse airspace opacities which can be seen in the setting of multifocal pneumonia and pulmonary edema. | Increasing and diffuse bilateral airspace opacities, concerning for pulmonary edema however superimposed multifocal pneumonia cannot be excluded."
10023117,55383014,/mnt/c/Users/Zila/Downloads/BN5212/MIMIC-CXR/p10/p10/p10023117/s55383014.txt,Pleural effusion,uncertain,uncertain,True,,Left retrocardiac opacification minimally changed and probably reflects a combination of pleural effusion and atelectasis.
10025630,59510909,/mnt/c/Users/Zila/Downloads/BN5212/MIMIC-CXR/p10/p10/p10025630/s59510909.txt,Pneumonia,uncertain,uncertain,True,,"Superimposed pneumonia is not excluded. | However given the clinical history, superimposed pneumonia is not excluded."
10025647,54831482,/mnt/c/Users/Zila/Downloads/BN5212/MIMIC-CXR/p10/p10/p10025647/s54831482.txt,Pulmonary edema,positive,positive|uncertain,True,,"Multifocal opacifications throughout both lungs and may represent atypical infectious process with a less likely consideration given to pulmonary edema; there is relative absence of central pulmonary vessel prominence. | Multifocal opacification throughout both lungs, possibly representing atypical infectious process, with a less likely consideration given to pulmonary edema."
10025647,56005833,/mnt/c/Users/Zila/Downloads/BN5212/MIMIC-CXR/p10/p10/p10025647/s56005833.txt,Pleural effusion,conflicting,negative|positive,True,,There is elevation of the left hemidiaphragm and slight blunting of the left costophrenic angle which may be due to a small pleural effusion with overlying atelectasis. | No right pleural effusion is seen. | Left base opacity may be due to combination of pleural effusion and atelectasis.
10028480,59153189,/mnt/c/Users/Zila/Downloads/BN5212/MIMIC-CXR/p10/p10/p10028480/s59153189.txt,Pneumonia,uncertain,uncertain,True,,Underlying pneumonia cannot be excluded.
10029291,51946347,/mnt/c/Users/Zila/Downloads/BN5212/MIMIC-CXR/p10/p10/p10029291/s51946347.txt,Hypertension,uncertain,uncertain,True,,Dilatation of the main and left pulmonary artery possibly related to known pulmonary embolism or underlying pulmonary arterial hypertension.
10029291,51946347,/mnt/c/Users/Zila/Downloads/BN5212/MIMIC-CXR/p10/p10/p10029291/s51946347.txt,Pulmonary embolism,uncertain,uncertain,True,,Dilatation of the main and left pulmonary artery possibly related to known pulmonary embolism or underlying pulmonary arterial hypertension.
10029874,54149750,/mnt/c/Users/Zila/Downloads/BN5212/MIMIC-CXR/p10/p10/p10029874/s54149750.txt,Pneumonia,uncertain,uncertain,True,,Probable left lower lobe pneumonia.
10030487,55326723,/mnt/c/Users/Zila/Downloads/BN5212/MIMIC-CXR/p10/p10/p10030487/s55326723.txt,Pleural effusion,uncertain,uncertain,True,,"Slight blunting of the posterior right costophrenic angle may be artifactual, although trace pleural effusion is not excluded. | Slight blunting of the posterior right costophrenic angle may be artifactual, although trace pleural effusion not excluded."
10030487,57391561,/mnt/c/Users/Zila/Downloads/BN5212/MIMIC-CXR/p10/p10/p10030487/s57391561.txt,Pleural effusion,positive,positive|uncertain,True,,Small left pleural effusion may be present. | Possible trace left pleural effusion.
10030753,53034862,/mnt/c/Users/Zila/Downloads/BN5212/MIMIC-CXR/p10/p10/p10030753/s53034862.txt,Cardiomegaly,positive,positive|uncertain,True,,"Probable mild cardiomegaly, though the cardiomediastinal silhouette is unchanged. | Mild cardiomegaly and upper zone redistribution, unchanged."
10031816,59326077,/mnt/c/Users/Zila/Downloads/BN5212/MIMIC-CXR/p10/p10/p10031816/s59326077.txt,Pneumonia,uncertain,uncertain,True,,There are no additional focal lung consolidations or opacities concerning for superimposed or secondary process such as pneumonia.
10032409,54300630,/mnt/c/Users/Zila/Downloads/BN5212/MIMIC-CXR/p10/p10/p10032409/s54300630.txt,Aspiration pneumonia,uncertain,uncertain,True,,"Again, in the appropriate clinical setting, it would be difficult to exclude the possibility of superimposed aspiration pneumonia."
10032409,55481921,/mnt/c/Users/Zila/Downloads/BN5212/MIMIC-CXR/p10/p10/p10032409/s55481921.txt,Pneumonia,uncertain,uncertain,True,,"In comparison to prior radiograph of 1 day earlier, heterogeneous opacities throughout the right lung have worsened and are concerning for developing pneumonia in the appropriate clinical setting."
10032409,58140535,/mnt/c/Users/Zila/Downloads/BN5212/MIMIC-CXR/p10/p10/p10032409/s58140535.txt,Pleural effusion,uncertain,uncertain,True,,Greater opacification at the base the right hemi thorax is probably new small pleural effusion.
10032409,59757357,/mnt/c/Users/Zila/Downloads/BN5212/MIMIC-CXR/p10/p10/p10032409/s59757357.txt,Pleural effusion,uncertain,uncertain,True,,"There is persistent mild blunting of the right costophrenic angle, and a trace pleural effusion cannot be excluded."
10033552,56492208,/mnt/c/Users/Zila/Downloads/BN5212/MIMIC-CXR/p10/p10/p10033552/s56492208.txt,Pulmonary edema,positive,positive|uncertain,True,,Upright AP and lateral radiographs of the chest show perihilar fullness and prominent indistinct vascularity most suggestive of mild to moderate pulmonary edema. | Findings suggesting pulmonary edema.
10035631,50257519,/mnt/c/Users/Zila/Downloads/BN5212/MIMIC-CXR/p10/p10/p10035631/s50257519.txt,Pneumonia,uncertain,uncertain,True,,Small consolidation at the base of the right upper lobe that could represent pneumonia or atlectasis.
10037602,54515885,/mnt/c/Users/Zila/Downloads/BN5212/MIMIC-CXR/p10/p10/p10037602/s54515885.txt,Pneumonia,uncertain,uncertain,True,,"If there is an appropriate clinical history to suggest possible central obstructing lesion leading to failure to clear a pneumonia, CT could be obtained."
10037602,56937008,/mnt/c/Users/Zila/Downloads/BN5212/MIMIC-CXR/p10/p10/p10037602/s56937008.txt,Pneumonia,uncertain,uncertain,True,,"In the appropriate clinical setting, these findings are suggestive of pneumonia."
10038332,51895880,/mnt/c/Users/Zila/Downloads/BN5212/MIMIC-CXR/p10/p10/p10038332/s51895880.txt,Pneumonia,uncertain,uncertain,True,,Probable left lower lobe pneumonia.
10039272,55594119,/mnt/c/Users/Zila/Downloads/BN5212/MIMIC-CXR/p10/p10/p10039272/s55594119.txt,Pleural effusion,conflicting,negative|positive,True,,"There are no new areas of consolidation, pleural effusion or pneumothorax. | Small left pleural effusion is unchanged from prior."
10039272,58098083,/mnt/c/Users/Zila/Downloads/BN5212/MIMIC-CXR/p10/p10/p10039272/s58098083.txt,Pneumonia,positive,positive|uncertain,True,,"Improving right middle lobe pneumonia, with mild residual opacity. | Possibility of a new site of pneumonia cannot be excluded."
10039272,58098083,/mnt/c/Users/Zila/Downloads/BN5212/MIMIC-CXR/p10/p10/p10039272/s58098083.txt,Pulmonary hypertension,uncertain,uncertain,True,,Cardiomegaly and probable pulmonary hypertension.
10039708,53675063,/mnt/c/Users/Zila/Downloads/BN5212/MIMIC-CXR/p10/p10/p10039708/s53675063.txt,Pulmonary edema,uncertain,uncertain,True,,"In comparison with the study of ___, there is probably little change in the severe pulmonary opacification is, most likely representing pulmonary edema."
10039708,53731428,/mnt/c/Users/Zila/Downloads/BN5212/MIMIC-CXR/p10/p10/p10039708/s53731428.txt,Pneumonia,uncertain,uncertain,True,,"However, in the appropriate clinical setting, it would be difficult to exclude superimposed pneumonia, especially in the absence of a lateral view."
10042810,52077136,/mnt/c/Users/Zila/Downloads/BN5212/MIMIC-CXR/p10/p10/p10042810/s52077136.txt,Pulmonary hypertension,positive,positive|uncertain,True,,"Bilateral hilar enlargement is suggestive of underlying pulmonary hypertension. | Bilateral hilar enlargement, likely secondary to underlying pulmonary hypertension."
10044096,56859736,/mnt/c/Users/Zila/Downloads/BN5212/MIMIC-CXR/p10/p10/p10044096/s56859736.txt,Pneumonia,conflicting,negative|positive,True,,"Right perihilar pneumonia has almost completely resolved, there are no new lung abnormalities. | Almost completely resolved right perihilar pneumonia"
10044316,55641540,/mnt/c/Users/Zila/Downloads/BN5212/MIMIC-CXR/p10/p10/p10044316/s55641540.txt,Pneumonia,uncertain,negative|uncertain,True,,Mild opacity in the left upper lobe disc concerning for left upper lobe pneumonia. | RECOMMENDATION(S): Followup of the patient 4 weeks after completion of antibiotic therapy for documentation of resolution of left upper lobe pneumonia is recommended.
10046679,50744827,/mnt/c/Users/Zila/Downloads/BN5212/MIMIC-CXR/p10/p10/p10046679/s50744827.txt,Pulmonary edema,uncertain,uncertain,True,,"Minimal interval change in the appearance of the lungs with low inspiratory volumes, and findings suggestive of pulmonary edema."
10046679,58689398,/mnt/c/Users/Zila/Downloads/BN5212/MIMIC-CXR/p10/p10/p10046679/s58689398.txt,Pneumonia,uncertain,uncertain,True,,Focal opacity in the right lower lobe is new from ___ and concerning for pneumonia.
10047766,55339630,/mnt/c/Users/Zila/Downloads/BN5212/MIMIC-CXR/p10/p10/p10047766/s55339630.txt,Pleural effusion,positive,positive|uncertain,True,,"Compared with the most recent prior study, lung volumes are improved and a moderate to large left pleural effusion is likely unchanged. | Improved lung volumes with a probably unchanged moderate to large left pleural effusion."
10047766,55339630,/mnt/c/Users/Zila/Downloads/BN5212/MIMIC-CXR/p10/p10/p10047766/s55339630.txt,Splenomegaly,uncertain,uncertain,True,,Probable splenomegaly is noted.
10048001,57376621,/mnt/c/Users/Zila/Downloads/BN5212/MIMIC-CXR/p10/p10/p10048001/s57376621.txt,Pneumonia,uncertain,uncertain,True,,Slight interval increase in left lower lobe linear opacities that are most likely atelectasis but in the proper clinical setting could represent pneumonia.
10048244,58732361,/mnt/c/Users/Zila/Downloads/BN5212/MIMIC-CXR/p10/p10/p10048244/s58732361.txt,Pleural effusion,conflicting,negative|positive,True,,There might be a small right-sided pleural effusion. | There is no left-sided pleural effusion or pneumothorax.
10048451,53489305,/mnt/c/Users/Zila/Downloads/BN5212/MIMIC-CXR/p10/p10/p10048451/s53489305.txt,Pneumonia,positive,positive|uncertain,True,,Focal opacity in the lingular lobe consistent with pneumonia with possible increased opacity of the left lower lobe suggestive of pneumonia. | Lingular lobe pneumonia with possible right lower lobe pneumonia.
10049334,58877721,/mnt/c/Users/Zila/Downloads/BN5212/MIMIC-CXR/p10/p10/p10049334/s58877721.txt,Edema,uncertain,uncertain,True,,"Opacification at the lung bases is probably a combination of atelectasis, dependent edema overlying pleural effusion."
10049334,58877721,/mnt/c/Users/Zila/Downloads/BN5212/MIMIC-CXR/p10/p10/p10049334/s58877721.txt,Pleural effusion,uncertain,uncertain,True,,"Opacification at the lung bases is probably a combination of atelectasis, dependent edema overlying pleural effusion."
10050755,53573770,/mnt/c/Users/Zila/Downloads/BN5212/MIMIC-CXR/p10/p10/p10050755/s53573770.txt,Pneumonia,uncertain,uncertain,True,,There is new consolidation in the left mid to upper lung which is concerning for pneumonia. | Findings concerning for new pneumonia in the left mid lung.
10051043,51917464,/mnt/c/Users/Zila/Downloads/BN5212/MIMIC-CXR/p10/p10/p10051043/s51917464.txt,Edema,positive,positive|uncertain,True,,"Some improvement may be due to decrease in edema. | Mild improvement in aeration, possibly due to decreased edema superimposed on severe bilateral heterogeneous opacification which is otherwise unchanged."
10051043,57250953,/mnt/c/Users/Zila/Downloads/BN5212/MIMIC-CXR/p10/p10/p10051043/s57250953.txt,Hemorrhage,uncertain,uncertain,True,,"Multifocal bilateral areas of heterogeneous consolidation have worsened in the interval, suggestive of a progressive multifocal pneumonia coexisting with diffuse alveolar hemorrhage."
10051043,57250953,/mnt/c/Users/Zila/Downloads/BN5212/MIMIC-CXR/p10/p10/p10051043/s57250953.txt,Pneumonia,positive,positive|uncertain,True,,"Multifocal bilateral areas of heterogeneous consolidation have worsened in the interval, suggestive of a progressive multifocal pneumonia coexisting with diffuse alveolar hemorrhage. | A rounded lucency in the right upper lobe may reflect a region of spared lung parenchyma, but attention to this region on short-term followup radiograph would be helpful to exclude developing cavitation from necrotizing pneumonia."
10052926,50929633,/mnt/c/Users/Zila/Downloads/BN5212/MIMIC-CXR/p10/p10/p10052926/s50929633.txt,Pneumonia,positive,positive|uncertain,True,,"Compared with prior radiographs on ___, there is a opacity in the right lower lung, which is not substantially changed from previous radiographs, however may represent pneumonia in the appropriate clinical setting. | Right lower lung opacity is not substantially changed from priors, however may represent pneumonia in the appropriate clinical setting. | If further confirmation of pneumonia is desired, obtain oblique radiographs for further evaluation. | RECOMMENDATION(S): If further confirmation OF pneumonia is desired, recommend oblique radiographs for further evaluation."
10052926,54704427,/mnt/c/Users/Zila/Downloads/BN5212/MIMIC-CXR/p10/p10/p10052926/s54704427.txt,Pneumonia,uncertain,uncertain,True,,Opacity at the base of the right lung is not significantly changed from multiple prior chest radiographs however this could represent pneumonia in the appropriate clinical setting.
10055361,50608704,/mnt/c/Users/Zila/Downloads/BN5212/MIMIC-CXR/p10/p10/p10055361/s50608704.txt,Edema,uncertain,uncertain,True,,"Interval development of increased opacification in the right lower lung probably reflects asymmetric edema and a layering effusion. | Increased right lower lung opacification probably relates to interval development of asymmetric edema and a layering right effusion, less likely pneumonia."
10055361,58669595,/mnt/c/Users/Zila/Downloads/BN5212/MIMIC-CXR/p10/p10/p10055361/s58669595.txt,Pneumonia,uncertain,uncertain,True,,Right lower lobe opacity is somewhat less prominent possibly reflecting redistribution of pulmonary edema or clearing of pneumonia.
10055361,58669595,/mnt/c/Users/Zila/Downloads/BN5212/MIMIC-CXR/p10/p10/p10055361/s58669595.txt,Pulmonary edema,uncertain,uncertain,True,,Right lower lobe opacity is somewhat less prominent possibly reflecting redistribution of pulmonary edema or clearing of pneumonia.
10055694,54669448,/mnt/c/Users/Zila/Downloads/BN5212/MIMIC-CXR/p10/p10/p10055694/s54669448.txt,Edema,uncertain,uncertain,True,,"Opacities in the bilateral mid lungs could represent atelectasis or edema although a superimposed infectious process is also possible. | Opacities in the bilateral mid lungs could represent atelectasis or edema; however, superimposed infection is possible."
10055694,54848722,/mnt/c/Users/Zila/Downloads/BN5212/MIMIC-CXR/p10/p10/p10055694/s54848722.txt,Pulmonary edema,uncertain,uncertain,True,,"Mild interstitial abnormality is probably residual of previous episodes of pulmonary edema, not an indication of acute decompensation."
10055694,55036106,/mnt/c/Users/Zila/Downloads/BN5212/MIMIC-CXR/p10/p10/p10055694/s55036106.txt,Pulmonary edema,uncertain,uncertain,True,,What was probably concurrent pulmonary edema in the left lung has improved.
10055694,59377047,/mnt/c/Users/Zila/Downloads/BN5212/MIMIC-CXR/p10/p10/p10055694/s59377047.txt,Pleural effusion,uncertain,uncertain,True,,Possible small right pleural effusion.
10056223,50510907,/mnt/c/Users/Zila/Downloads/BN5212/MIMIC-CXR/p10/p10/p10056223/s50510907.txt,Pleural effusion,conflicting,negative|positive,True,,There is no pleural effusion on the left lung. | New pleural effusion at the right lung.
10057005,56057364,/mnt/c/Users/Zila/Downloads/BN5212/MIMIC-CXR/p10/p10/p10057005/s56057364.txt,Aspiration pneumonia,uncertain,uncertain,True,,"In addition, there is increasing consolidation in the retrocardiac region which would be concerning for aspiration pneumonia."
10062020,55700573,/mnt/c/Users/Zila/Downloads/BN5212/MIMIC-CXR/p10/p10/p10062020/s55700573.txt,Pneumonia,uncertain,uncertain,True,,Coexisting abnormalities such as pneumonia cannot be excluded.
10062617,50346563,/mnt/c/Users/Zila/Downloads/BN5212/MIMIC-CXR/p10/p10/p10062617/s50346563.txt,Pneumonia,uncertain,uncertain,True,,"There is a new opacity in the right medial lung base, concerning for pneumonia. | New opacity at the right medial lung base is concerning for pneumonia."
10062617,58048417,/mnt/c/Users/Zila/Downloads/BN5212/MIMIC-CXR/p10/p10/p10062617/s58048417.txt,Pneumonia,uncertain,uncertain,True,,Retrocardiac opacity is incompletely assessed and could represent atelectasis and or pneumonia.
10062617,59986994,/mnt/c/Users/Zila/Downloads/BN5212/MIMIC-CXR/p10/p10/p10062617/s59986994.txt,Pleural effusion,uncertain,uncertain,True,,"Overall appearance of the chest is relatively similar to the recent study except for worsening left retrocardiac opacity which probably represents a combination of small-to-moderate left pleural effusion and adjacent left lower lobe atelectasis and/or consolidation; additionally, patchy and linear opacities at the right lung base have also slightly worsened."
10063534,50088361,/mnt/c/Users/Zila/Downloads/BN5212/MIMIC-CXR/p10/p10/p10063534/s50088361.txt,Pneumonia,positive,positive|uncertain,True,,Worsening retrocardiac opacity persists and may represent atelectasis or pneumonia in the correct clinical setting. | Left retrocardiac opacity may reflect atelectasis or pneumonia in the correct clinical setting.
10064049,56368658,/mnt/c/Users/Zila/Downloads/BN5212/MIMIC-CXR/p10/p10/p10064049/s56368658.txt,Pneumonia,uncertain,uncertain,True,,New consolidation in the right upper lobe probable pneumonia.
10064049,57926554,/mnt/c/Users/Zila/Downloads/BN5212/MIMIC-CXR/p10/p10/p10064049/s57926554.txt,Pneumonia,uncertain,uncertain,True,,"Bibasilar parenchymal opacities with cardiomegaly suggests underlying pulmonary edema, but cannot exclude right lung base pneumonia."
10064678,55354126,/mnt/c/Users/Zila/Downloads/BN5212/MIMIC-CXR/p10/p10/p10064678/s55354126.txt,Pleural effusion,conflicting,negative|positive,True,,Frontal and lateral radiographs of the chest demonstrate a new moderate right pleural effusion with adjacent atelectasis. | There is no left pleural effusion. | New moderate right pleural effusion with new opacity in the left upper lobe which may represent pneumonia in the appropriate clinical setting.
10064678,55354126,/mnt/c/Users/Zila/Downloads/BN5212/MIMIC-CXR/p10/p10/p10064678/s55354126.txt,Pneumonia,uncertain,uncertain,True,,There is a focus of opacity in the left upper lobe which is new since the prior study and may represent pneumonia in the appropriate clinical setting. | New moderate right pleural effusion with new opacity in the left upper lobe which may represent pneumonia in the appropriate clinical setting.
10064678,59792119,/mnt/c/Users/Zila/Downloads/BN5212/MIMIC-CXR/p10/p10/p10064678/s59792119.txt,Pneumonia,uncertain,uncertain,True,,"Please note pneumonia cannot be excluded. | Bilateral pleural effusions with lower lobe consolidation is likely atelectasis, though cannot exclude pneumonia."
10065997,52040687,/mnt/c/Users/Zila/Downloads/BN5212/MIMIC-CXR/p10/p10/p10065997/s52040687.txt,Pneumonia,positive,positive|uncertain,True,,A subtle area of increased opacity is present in the right infrahilar region and could potentially represent an early focus of pneumonia. | Possible early/focal pneumonia in right infrahilar region.
10067702,58493449,/mnt/c/Users/Zila/Downloads/BN5212/MIMIC-CXR/p10/p10/p10067702/s58493449.txt,Pneumonia,uncertain,uncertain,True,,"In view of the clinical history, this could represent developing pneumonia."
10070288,56486389,/mnt/c/Users/Zila/Downloads/BN5212/MIMIC-CXR/p10/p10/p10070288/s56486389.txt,Pleural effusion,uncertain,uncertain,True,,There is slight blunting of the posterior left costophrenic angle and a trace pleural effusion is not excluded. | Slight blunting of the posterior left costophrenic angle may relate to hyperinflation but trace pleural effusion not excluded.
10070614,58864875,/mnt/c/Users/Zila/Downloads/BN5212/MIMIC-CXR/p10/p10/p10070614/s58864875.txt,Hypertension,positive,positive|uncertain,True,,"There is minimal interstitial prominence including upper zone redistribution of pulmonary vascularity suggestin of pulmonary venous hypertension, but not to a striking extent. | Findings suggestive of pulmonary venous hypertension without frank congestive heart failure."
10070928,56508815,/mnt/c/Users/Zila/Downloads/BN5212/MIMIC-CXR/p10/p10/p10070928/s56508815.txt,Pulmonary edema,uncertain,uncertain,True,,"Interval progression of diffuse patchy pulmonary opacities, compatible with multifocal pneumonia - cannot exclude a component of pulmonary edema."
10071281,56760248,/mnt/c/Users/Zila/Downloads/BN5212/MIMIC-CXR/p10/p10/p10071281/s56760248.txt,Pleural effusion,conflicting,negative|positive,True,,Interval increase in left lower lobe opacity which trace right pleural effusion. | No left pleural effusion or pneumothorax. | Increase left lower lobe opacity with trace right pleural effusion is worrisome for pneumonia or aspiration pneumonia.
10071403,51248215,/mnt/c/Users/Zila/Downloads/BN5212/MIMIC-CXR/p10/p10/p10071403/s51248215.txt,Pleural effusion,positive,positive|uncertain,True,,Moderate left pleural effusion and probable small right pleural effusion are unchanged.
10071869,56653718,/mnt/c/Users/Zila/Downloads/BN5212/MIMIC-CXR/p10/p10/p10071869/s56653718.txt,Edema,uncertain,uncertain,True,,"Difficult to exclude a component of edema. | Extensive bilateral pulmonary opacities concerning for multifocal pneumonia, likely with a component of edema."
10071869,56653718,/mnt/c/Users/Zila/Downloads/BN5212/MIMIC-CXR/p10/p10/p10071869/s56653718.txt,Pneumonia,uncertain,uncertain,True,,"Extensive bilateral pulmonary opacities concerning for pneumonia. | Extensive bilateral pulmonary opacities concerning for multifocal pneumonia, likely with a component of edema."
10072153,54655799,/mnt/c/Users/Zila/Downloads/BN5212/MIMIC-CXR/p10/p10/p10072153/s54655799.txt,Pneumonia,uncertain,uncertain,True,,"Evidence of failure, basilar pneumonia not excluded."
10072153,55066102,/mnt/c/Users/Zila/Downloads/BN5212/MIMIC-CXR/p10/p10/p10072153/s55066102.txt,Pleural effusion,positive,positive|uncertain,True,,"As compared to the previous radiograph, the pre-existing right pleural effusion has minimally increased. | Blunting of the left costophrenic sinus, so that the presence of a small pleural effusion cannot be excluded."
10072264,54246115,/mnt/c/Users/Zila/Downloads/BN5212/MIMIC-CXR/p10/p10/p10072264/s54246115.txt,Pleural effusion,conflicting,negative|positive|uncertain,True,,"Blunting of the right costophrenic angle persists, potentially reflective of a trace right pleural effusion. | No left-sided pleural effusion or pneumothorax is present. | Bibasilar atelectasis and possible trace right pleural effusion."
10074282,51450408,/mnt/c/Users/Zila/Downloads/BN5212/MIMIC-CXR/p10/p10/p10074282/s51450408.txt,Cardiomegaly,uncertain,uncertain,True,,Probable mild cardiomegaly.
10074282,55129139,/mnt/c/Users/Zila/Downloads/BN5212/MIMIC-CXR/p10/p10/p10074282/s55129139.txt,Pleural effusion,uncertain,uncertain,True,,"Within the left lung, there is a subtle opacity at the left base which is probably due to a combination of a small pleural effusion and adjacent atelectasis as demonstrated on recent CT abdomen of ___."
10074282,56730462,/mnt/c/Users/Zila/Downloads/BN5212/MIMIC-CXR/p10/p10/p10074282/s56730462.txt,Pneumonia,uncertain,uncertain,True,,New right lower lobe opacity concerning for pneumonia or aspiration.
10076526,50896827,/mnt/c/Users/Zila/Downloads/BN5212/MIMIC-CXR/p10/p10/p10076526/s50896827.txt,Pneumonia,uncertain,uncertain,True,,"Since the prior exam, there is again noted to be extensive pulmonary airspace consolidation, slightly more confluent in the right lung, concerning for pneumonia. | Diffuse pulmonary airspace consolidation concerning for pneumonia and/or pulmonary edema."
10076526,50896827,/mnt/c/Users/Zila/Downloads/BN5212/MIMIC-CXR/p10/p10/p10076526/s50896827.txt,Pulmonary edema,positive,positive|uncertain,True,,The possibility of pulmonary edema is also raised. | Diffuse pulmonary airspace consolidation concerning for pneumonia and/or pulmonary edema.
10078115,50922710,/mnt/c/Users/Zila/Downloads/BN5212/MIMIC-CXR/p10/p10/p10078115/s50922710.txt,Edema,uncertain,uncertain,True,,"Left perihilar haziness probably reflects asymmetrical edema, but radiographic followup would be helpful to exclude a developing pneumonia in the appropriate clinical setting."
10078805,57630654,/mnt/c/Users/Zila/Downloads/BN5212/MIMIC-CXR/p10/p10/p10078805/s57630654.txt,Pulmonary edema,conflicting,negative|positive,True,,Compared to the prior radiograph there has been significant improvement in pulmonary edema. | Interval resolution of pulmonary edema.
10079117,57518177,/mnt/c/Users/Zila/Downloads/BN5212/MIMIC-CXR/p10/p10/p10079117/s57518177.txt,Pneumonia,uncertain,uncertain,True,,Opacities in the right upper or middle lobe and possibly the left lower lobe concerning for early developing pneumonia.
10079467,56978596,/mnt/c/Users/Zila/Downloads/BN5212/MIMIC-CXR/p10/p10/p10079467/s56978596.txt,Pneumonia,uncertain,uncertain,True,,Possibly patchy opacity at the left lung base may represent early pneumonia or atelectasis.
10081045,55782574,/mnt/c/Users/Zila/Downloads/BN5212/MIMIC-CXR/p10/p10/p10081045/s55782574.txt,Pneumonia,positive,positive|uncertain,True,,Increased retrocardiac opacity is concerning for left lower lobe pneumonia. | Left lower lobe pneumonia.
10081525,58356313,/mnt/c/Users/Zila/Downloads/BN5212/MIMIC-CXR/p10/p10/p10081525/s58356313.txt,Fractures,conflicting,negative|positive,True,,There is no evidence of new changes in the previously described rib fractures and on the frontal view can identify several non-displaced rib fractures.
10082014,54290113,/mnt/c/Users/Zila/Downloads/BN5212/MIMIC-CXR/p10/p10/p10082014/s54290113.txt,Pneumonia,uncertain,uncertain,True,,Superimposed pneumonia cannot be excluded.
10083754,55837751,/mnt/c/Users/Zila/Downloads/BN5212/MIMIC-CXR/p10/p10/p10083754/s55837751.txt,Fever,uncertain,uncertain,True,,"In comparison to ___ radiograph, a new poorly defined area of consolidation at the right lung base is suspicious for pneumonia in the setting of fever and neutropenia."
10083754,55837751,/mnt/c/Users/Zila/Downloads/BN5212/MIMIC-CXR/p10/p10/p10083754/s55837751.txt,Neutropenia,uncertain,uncertain,True,,"In comparison to ___ radiograph, a new poorly defined area of consolidation at the right lung base is suspicious for pneumonia in the setting of fever and neutropenia."
10083754,55837751,/mnt/c/Users/Zila/Downloads/BN5212/MIMIC-CXR/p10/p10/p10083754/s55837751.txt,Pneumonia,uncertain,uncertain,True,,"In comparison to ___ radiograph, a new poorly defined area of consolidation at the right lung base is suspicious for pneumonia in the setting of fever and neutropenia."
10086390,54232849,/mnt/c/Users/Zila/Downloads/BN5212/MIMIC-CXR/p10/p10/p10086390/s54232849.txt,Pneumonia,uncertain,uncertain,True,,"Hazy opacification in the right lung base, is concerning for pneumonia. | Bilateral pleural effusions, with associated basal consolidations, suggestive of pneumonia."
10089085,53475993,/mnt/c/Users/Zila/Downloads/BN5212/MIMIC-CXR/p10/p10/p10089085/s53475993.txt,Pneumonia,uncertain,uncertain,True,,Multilobar bilateral opacities concerning for pneumonia.
10090257,55957078,/mnt/c/Users/Zila/Downloads/BN5212/MIMIC-CXR/p10/p10/p10090257/s55957078.txt,Bronchitis,uncertain,uncertain,True,,"Possible left lower lobe bronchitis, less likely mild pneumonia."
10090257,55957078,/mnt/c/Users/Zila/Downloads/BN5212/MIMIC-CXR/p10/p10/p10090257/s55957078.txt,Pneumonia,positive,positive|uncertain,True,,"Peribronchial opacification in the left lower lobe is more likely due to bronchial inflammation than pneumonia. | Possible left lower lobe bronchitis, less likely mild pneumonia."
10092009,54791790,/mnt/c/Users/Zila/Downloads/BN5212/MIMIC-CXR/p10/p10/p10092009/s54791790.txt,Pneumonia,uncertain,uncertain,True,,"Left basilar opacity, probably in the left lower lobe, suggesting pneumonia, atelectasis or potentially aspiration; potentially with loculated pleural effusion but not well delineated."
10093425,59189960,/mnt/c/Users/Zila/Downloads/BN5212/MIMIC-CXR/p10/p10/p10093425/s59189960.txt,Sarcoidosis,uncertain,uncertain,True,,"Bilateral hilar prominence is concerning for lymphadenopathy in the setting of clinical suspicion for sarcoidosis. | Bilateral hilar prominence, concerning for hilar lymphadenopathy in the setting of clinical suspicion for sarcoidosis."
10094706,51681931,/mnt/c/Users/Zila/Downloads/BN5212/MIMIC-CXR/p10/p10/p10094706/s51681931.txt,Pneumonia,uncertain,uncertain,True,,The morphology of the opacity is strongly suggestive of pneumonia.
10095286,54805682,/mnt/c/Users/Zila/Downloads/BN5212/MIMIC-CXR/p10/p10/p10095286/s54805682.txt,Pleural effusion,uncertain,uncertain,True,,"Haziness is seen in the right upper lung, which has an convex margin inferiorly and may represent loculated pleural effusion. | Haziness in the right upper lung, which may represent loculated pleural effusion."
10096391,54848668,/mnt/c/Users/Zila/Downloads/BN5212/MIMIC-CXR/p10/p10/p10096391/s54848668.txt,Pneumonia,uncertain,uncertain,True,,"This was probably due to either atypical atypical interstitial pneumonia or pulmonary edema, in the setting of moderately severe emphysema."
10096391,54848668,/mnt/c/Users/Zila/Downloads/BN5212/MIMIC-CXR/p10/p10/p10096391/s54848668.txt,Pulmonary edema,uncertain,uncertain,True,,"This was probably due to either atypical atypical interstitial pneumonia or pulmonary edema, in the setting of moderately severe emphysema."
10097232,51834590,/mnt/c/Users/Zila/Downloads/BN5212/MIMIC-CXR/p10/p10/p10097232/s51834590.txt,Pleural effusion,uncertain,uncertain,True,,There is probably a small left pleural effusion.
10097232,51834590,/mnt/c/Users/Zila/Downloads/BN5212/MIMIC-CXR/p10/p10/p10097232/s51834590.txt,Pneumonia,positive,positive|uncertain,True,,"Given clinical history, findings are concerning for multifocal pneumonia. | Multifocal pneumonia."
10097232,55995712,/mnt/c/Users/Zila/Downloads/BN5212/MIMIC-CXR/p10/p10/p10097232/s55995712.txt,Pneumonia,positive,positive|uncertain,True,,"Bilateral multifocal opacities predominantly in the lower lungs concerning for pneumonia, unchanged since yesterday. | Multifocal pneumonia, unchanged over last 24 hours."
10098008,54267692,/mnt/c/Users/Zila/Downloads/BN5212/MIMIC-CXR/p10/p10/p10098008/s54267692.txt,Pneumonia,conflicting,negative|positive,True,,"The symmetry of the changes would favor pulmonary edema rather than pneumonia. | However, no other signs suggesting pulmonary edema are present so that bilateral pneumonia should be considered."
10098008,54267692,/mnt/c/Users/Zila/Downloads/BN5212/MIMIC-CXR/p10/p10/p10098008/s54267692.txt,Pulmonary edema,conflicting,negative|positive,True,,"The symmetry of the changes would favor pulmonary edema rather than pneumonia. | However, no other signs suggesting pulmonary edema are present so that bilateral pneumonia should be considered."
10098672,53441621,/mnt/c/Users/Zila/Downloads/BN5212/MIMIC-CXR/p10/p10/p10098672/s53441621.txt,Pneumonia,positive,positive|uncertain,True,,"PA and lateral images of the chest demonstrate a retrocardiac opacity that is consistent with a lower lobe pneumonia. | This opacity is not seen on frontal exam, so it is unclear which side the pneumonia is on. | Retrocardiac opacity concerning for lower lobe pneumonia."
10100177,59248519,/mnt/c/Users/Zila/Downloads/BN5212/MIMIC-CXR/p10/p10/p10100177/s59248519.txt,Pulmonary hypertension,uncertain,uncertain,True,,Prominence of the main pulmonary artery contour is concerning for underlying pulmonary hypertension.
10101282,58226723,/mnt/c/Users/Zila/Downloads/BN5212/MIMIC-CXR/p10/p10/p10101282/s58226723.txt,Pleural effusion,conflicting,negative|positive,True,,Small right pleural effusion is again noted. | No pleural effusion on the left.
10101518,56571877,/mnt/c/Users/Zila/Downloads/BN5212/MIMIC-CXR/p10/p10/p10101518/s56571877.txt,Pneumonia,positive,positive|uncertain,True,,"There are patchy opacities in the left lower lobe suggestive of pneumonia in the appropriate setting, including a nodular component of opacification. | Left basilar opacity worrisome for pneumonia, but including a nodular component."
10103748,54173103,/mnt/c/Users/Zila/Downloads/BN5212/MIMIC-CXR/p10/p10/p10103748/s54173103.txt,Pulmonary edema,uncertain,uncertain,True,,"Cardiomegaly is difficult to assess because of scoliosis, but appears moderate, and there is probably mild pulmonary edema, though this interpretation is confounded by low lung volumes."
10103748,55934580,/mnt/c/Users/Zila/Downloads/BN5212/MIMIC-CXR/p10/p10/p10103748/s55934580.txt,Pneumonia,uncertain,uncertain,True,,"Consolidation in the right upper lobe has not worsened, but needs to be followed as possible pneumonia."
10103748,59333384,/mnt/c/Users/Zila/Downloads/BN5212/MIMIC-CXR/p10/p10/p10103748/s59333384.txt,Edema,positive,positive|uncertain,True,,"Focal parenchymal opacities again noted at the right base and appears stable, representing either pneumonia or asymmetric edema. | Again noted is moderate pulmonary edema with a right basilar opacity which may represent pneumonia or asymmetric edema."
10103748,59333384,/mnt/c/Users/Zila/Downloads/BN5212/MIMIC-CXR/p10/p10/p10103748/s59333384.txt,Pneumonia,positive,positive|uncertain,True,,"Focal parenchymal opacities again noted at the right base and appears stable, representing either pneumonia or asymmetric edema. | Again noted is moderate pulmonary edema with a right basilar opacity which may represent pneumonia or asymmetric edema."
10104730,58014007,/mnt/c/Users/Zila/Downloads/BN5212/MIMIC-CXR/p10/p10/p10104730/s58014007.txt,Pleural effusion,conflicting,negative|positive|uncertain,True,,"There is blunting of the posterior left costophrenic angle concerning for a left pleural effusion. | No right pleural effusion is seen. | Left base retrocardiac opacity may be represent combination of pleural effusion and atelectasis, however, underlying consolidation is difficult to exclude. | Left pleural effusion."
10104732,53497865,/mnt/c/Users/Zila/Downloads/BN5212/MIMIC-CXR/p10/p10/p10104732/s53497865.txt,Pneumonia,uncertain,uncertain,True,,"There is increasing opacification in the retrocardiac region, concerning for pneumonia in view of the clinical history."
10106890,58740092,/mnt/c/Users/Zila/Downloads/BN5212/MIMIC-CXR/p10/p10/p10106890/s58740092.txt,Pulmonary embolism,conflicting,negative|positive,True,,"No findings to suggest pulmonary embolism. | If concern for pulmonary embolism persist, consider chest CTA for further evaluation."
10106899,57131579,/mnt/c/Users/Zila/Downloads/BN5212/MIMIC-CXR/p10/p10/p10106899/s57131579.txt,Pneumonia,positive,positive|uncertain,True,,There is a possibility that there an underlying pneumonia hidden by the pleural effusion and pulmonary edema. | Recommend followup chest imaging to rule out pneumonia after pulmonary edema has cleared.
10106899,57131579,/mnt/c/Users/Zila/Downloads/BN5212/MIMIC-CXR/p10/p10/p10106899/s57131579.txt,Pulmonary edema,conflicting,negative|positive,True,,Pulmonary vasculature is less dilated and there is less pulmonary edema than on prior exam. | There is a possibility that there an underlying pneumonia hidden by the pleural effusion and pulmonary edema. | Improving pulmonary edema. | Recommend followup chest imaging to rule out pneumonia after pulmonary edema has cleared.
10109899,56650301,/mnt/c/Users/Zila/Downloads/BN5212/MIMIC-CXR/p10/p10/p10109899/s56650301.txt,Pneumonia,uncertain,uncertain,True,,A new focal opacity is seen the overlying the right lung base suggestive of a developing pneumonia. | Findings concerning for focal right basilar pneumonia in the appropriate clinical setting.
10110843,52187616,/mnt/c/Users/Zila/Downloads/BN5212/MIMIC-CXR/p10/p10/p10110843/s52187616.txt,Pneumonia,uncertain,uncertain,True,,"There a new bibasal consolidations, concerning for bilateral aspiration or bibasal pneumonia."
10111112,52725429,/mnt/c/Users/Zila/Downloads/BN5212/MIMIC-CXR/p10/p10/p10111112/s52725429.txt,Pneumonia,uncertain,uncertain,True,,New multifocal opacity in the right hemithorax concerning for pneumonia.
10111112,58755401,/mnt/c/Users/Zila/Downloads/BN5212/MIMIC-CXR/p10/p10/p10111112/s58755401.txt,Pleural effusion,conflicting,negative|positive,True,,Chronic moderate left pleural effusion slightly smaller today compared to ___. | No right pleural effusion.
10111614,57147208,/mnt/c/Users/Zila/Downloads/BN5212/MIMIC-CXR/p10/p10/p10111614/s57147208.txt,Bronchiectasis,uncertain,uncertain,True,,"While this could represent a increase in the patient's known fibrosis and traction bronchiectasis, an overlying infectious process should be considered in the correct clinical setting."
10111614,57593257,/mnt/c/Users/Zila/Downloads/BN5212/MIMIC-CXR/p10/p10/p10111614/s57593257.txt,Pneumonia,uncertain,uncertain,True,,"Given the extensive interstitial changes, it would be extremely difficult to exclude superimposed acute pneumonia in the appropriate clinical setting."
10112548,50299682,/mnt/c/Users/Zila/Downloads/BN5212/MIMIC-CXR/p10/p10/p10112548/s50299682.txt,Pleural effusion,conflicting,negative|positive,True,,No definite pleural effusion is seen although a trace left pleural effusion will be difficult to exclude.
10115182,51406842,/mnt/c/Users/Zila/Downloads/BN5212/MIMIC-CXR/p10/p10/p10115182/s51406842.txt,Pleural effusion,conflicting,negative|positive,True,,There is a trace right pleural effusion. | No left pleural effusion or pneumothorax. | Trace right pleural effusion.
10115182,56048936,/mnt/c/Users/Zila/Downloads/BN5212/MIMIC-CXR/p10/p10/p10115182/s56048936.txt,Pleural effusion,conflicting,negative|positive,True,,Small right pleural effusion persists. | No left pleural effusion is seen. | Persistent small right pleural effusion.
10115397,52621553,/mnt/c/Users/Zila/Downloads/BN5212/MIMIC-CXR/p10/p10/p10115397/s52621553.txt,Pleural effusion,positive,positive|uncertain,True,,"Bibasilar opacities, denser in the left lung base are probably due to the bibasilar pleural effusion, larger to the left. | New moderate pulmonary edema with central vein distention, moderate cardiomegaly and bibasilar pleural effusion, larger to the left."
10117273,51763901,/mnt/c/Users/Zila/Downloads/BN5212/MIMIC-CXR/p10/p10/p10117273/s51763901.txt,Pneumonia,uncertain,uncertain,True,,Left lower lobe opacification is probably atelectasis though pneumonia is not excluded and small to moderate bilateral pleural effusions are present and probably increased since ___.
10119992,56493680,/mnt/c/Users/Zila/Downloads/BN5212/MIMIC-CXR/p10/p10/p10119992/s56493680.txt,Pleural effusion,conflicting,negative|positive,True,,There is no interval increase in pleural effusion or development of pneumothorax. | Previously seen small to moderate amount of left pleural effusion is unchanged.
10119992,56689718,/mnt/c/Users/Zila/Downloads/BN5212/MIMIC-CXR/p10/p10/p10119992/s56689718.txt,Pleural effusion,positive,positive|uncertain,True,,"There is small left pleural effusion, improved. | Possible trace right pleural effusion."
10121003,58954121,/mnt/c/Users/Zila/Downloads/BN5212/MIMIC-CXR/p10/p10/p10121003/s58954121.txt,Pneumonia,uncertain,uncertain,True,,"Although most likely reflecting atelectasis and possible small effusion, the possibility of superimposed pneumonia would have to be considered in the appropriate clinical setting."
10121316,59871357,/mnt/c/Users/Zila/Downloads/BN5212/MIMIC-CXR/p10/p10/p10121316/s59871357.txt,Pneumonia,uncertain,uncertain,True,,"Bibasilar lung opacity, concerning for pneumonia in the correct clinical setting."
10122589,58130669,/mnt/c/Users/Zila/Downloads/BN5212/MIMIC-CXR/p10/p10/p10122589/s58130669.txt,Pleural effusion,uncertain,uncertain,True,,"There is also significant irregular pleural thickening in the right apex, possibly secondary to layering pleural effusion. | Significant left apical density may represent a loculated pleural effusion versus a mass."
10123147,51322534,/mnt/c/Users/Zila/Downloads/BN5212/MIMIC-CXR/p10/p10/p10123147/s51322534.txt,Pneumonia,positive,positive|uncertain,True,,There is a new opacity in the right lower lung suggesting aspiration or pneumonia. | New opacity at the right lower lung may represent aspiration or pneumonia.
10123147,53075343,/mnt/c/Users/Zila/Downloads/BN5212/MIMIC-CXR/p10/p10/p10123147/s53075343.txt,Edema,uncertain,uncertain,True,,"On a background of mild pulmonary edema, multifocal bilateral airspace opacifications may represent alveolar edema versus multifocal pneumonia."
10123147,53075343,/mnt/c/Users/Zila/Downloads/BN5212/MIMIC-CXR/p10/p10/p10123147/s53075343.txt,Pneumonia,uncertain,uncertain,True,,"On a background of mild pulmonary edema, multifocal bilateral airspace opacifications may represent alveolar edema versus multifocal pneumonia. | There is interval development of a left mid lung large opacification concerning for pneumonia/aspiration. | On a background of mild pulmonary edema and otherwise stable multifocal opacifications, there is a new large left mid lung opacification concerning for pneumonia/aspiration."
10123949,52858944,/mnt/c/Users/Zila/Downloads/BN5212/MIMIC-CXR/p10/p10/p10123949/s52858944.txt,Pneumonia,uncertain,uncertain,True,,"No focal consolidation, however it is difficult to exclude underlying pneumonia given background interstitial abnormality and bibasilar atelectasis."
10123949,53937252,/mnt/c/Users/Zila/Downloads/BN5212/MIMIC-CXR/p10/p10/p10123949/s53937252.txt,Edema,uncertain,uncertain,True,,"Possible interstitial edema and possible right pneumonia, best evaluated with repeat erect views, conventional if possible, as soon as feasible."
10123949,53937252,/mnt/c/Users/Zila/Downloads/BN5212/MIMIC-CXR/p10/p10/p10123949/s53937252.txt,Pneumonia,positive,positive|uncertain,True,,"Peribronchial opacification in the right upper lobe may be pneumonia. | Possible interstitial edema and possible right pneumonia, best evaluated with repeat erect views, conventional if possible, as soon as feasible."
10123949,59850826,/mnt/c/Users/Zila/Downloads/BN5212/MIMIC-CXR/p10/p10/p10123949/s59850826.txt,Pleural effusion,conflicting,negative|positive,True,,The previous left pleural effusion has mostly resolved. | Nearly completely resolved left pleural effusion.
10123997,50650724,/mnt/c/Users/Zila/Downloads/BN5212/MIMIC-CXR/p10/p10/p10123997/s50650724.txt,Pleural effusion,conflicting,negative|positive,True,,The left pleural effusion has significantly decreased in size. | A small pleural effusion persists. | There is no right pleural effusion. | Interval decrease in size of the left pleural effusion.
10123997,51798107,/mnt/c/Users/Zila/Downloads/BN5212/MIMIC-CXR/p10/p10/p10123997/s51798107.txt,Pneumonia,uncertain,uncertain,True,,"On the prior study, there was a known mass that may partly account for this appearance, but associated atelectasis or superimposed pneumonia are not excluded."
10124825,58657160,/mnt/c/Users/Zila/Downloads/BN5212/MIMIC-CXR/p10/p10/p10124825/s58657160.txt,Pneumonia,uncertain,uncertain,True,,"Diffuse bilateral opacities with hazy pulmonary vasculature likely represents pulmonary edema; however, concurrent pneumonia cannot be excluded."
10125888,57430364,/mnt/c/Users/Zila/Downloads/BN5212/MIMIC-CXR/p10/p10/p10125888/s57430364.txt,Pleural effusion,positive,positive|uncertain,True,,"Contours are partly obscured by opacification of the entire right lower lobe with volume loss and a pleural effusion. | There is possibly a trace pleural effusion on the left, but not substantial. | Opacification of the right lower lobe with mild volume loss and a pleural effusion, probably at least small-to-moderate in size, although difficult to quantify."
10127132,58215326,/mnt/c/Users/Zila/Downloads/BN5212/MIMIC-CXR/p10/p10/p10127132/s58215326.txt,Pneumonia,uncertain,uncertain,True,,Possible right middle lobe pneumonia.
10127469,53276208,/mnt/c/Users/Zila/Downloads/BN5212/MIMIC-CXR/p10/p10/p10127469/s53276208.txt,Pleural effusion,uncertain,uncertain,True,,It might represent atelectasis with pleural effusion but infectious process in this location is a possibility.
10127469,53511806,/mnt/c/Users/Zila/Downloads/BN5212/MIMIC-CXR/p10/p10/p10127469/s53511806.txt,Pneumonia,uncertain,uncertain,True,,"Progressive, gradual increase in bilateral parenchymal opacities with air bronchograms, which may reflect edema, although concurrent pneumonia cannot be excluded."
10127469,56582733,/mnt/c/Users/Zila/Downloads/BN5212/MIMIC-CXR/p10/p10/p10127469/s56582733.txt,Cardiomegaly,uncertain,uncertain,True,,Probable mild cardiomegaly is overall similar.
10127517,56251895,/mnt/c/Users/Zila/Downloads/BN5212/MIMIC-CXR/p10/p10/p10127517/s56251895.txt,Pulmonary edema,uncertain,uncertain,True,,There is probable mild pulmonary edema. | Findings concerning for pulmonary edema with bilateral pleural effusions appearing slightly increased from prior study.
10129384,50190940,/mnt/c/Users/Zila/Downloads/BN5212/MIMIC-CXR/p10/p10/p10129384/s50190940.txt,Pneumonia,uncertain,uncertain,True,,"There is increased opacification at the right lung base, concerning for pneumonia. | Right basilar opacity concerning for pneumonia."
10129815,52901287,/mnt/c/Users/Zila/Downloads/BN5212/MIMIC-CXR/p10/p10/p10129815/s52901287.txt,Pneumonia,positive,positive|uncertain,True,,"New poorly defined right juxta-hilar opacity, possibly due to an early/focal pneumonia given clinical suspicion for pneumonia. | Management recommendation for this finding is treatment for pneumonia with short-term followup radiographs."
10130585,57614018,/mnt/c/Users/Zila/Downloads/BN5212/MIMIC-CXR/p10/p10/p10130585/s57614018.txt,Pneumonia,uncertain,uncertain,True,,"Patchy retrocardiac opacity, probably due to atelectasis, but other etiologies including aspiration or pneumonia are not excluded by this examination."
10132365,52576637,/mnt/c/Users/Zila/Downloads/BN5212/MIMIC-CXR/p10/p10/p10132365/s52576637.txt,Pneumonia,conflicting,negative|positive,True,,"In comparison with the study of ___, there has been essentially complete clearing of the patchy pneumonia at the right base. | No evidence of acute pneumonia or vascular congestion."
10132365,57681077,/mnt/c/Users/Zila/Downloads/BN5212/MIMIC-CXR/p10/p10/p10132365/s57681077.txt,Bronchitis,uncertain,uncertain,True,,Findings consistent with right lower lobe pneumonia on the setting of right lower lobe bronchiectasis and peribronchial thickening suggestive of bronchitis.
10136619,55114835,/mnt/c/Users/Zila/Downloads/BN5212/MIMIC-CXR/p10/p10/p10136619/s55114835.txt,Pulmonary edema,positive,positive|uncertain,True,,"There are diffuse alveolar opacities, with vascular indistinctness suggestive of moderate pulmonary edema. | Diffuse alveolar opacities bilaterally, which could reflect moderate pulmonary edema, though atypical infection should be considered."
10136781,51621886,/mnt/c/Users/Zila/Downloads/BN5212/MIMIC-CXR/p10/p10/p10136781/s51621886.txt,Pneumonia,uncertain,uncertain,True,,Greater coalescence of consolidation in both the right mid and lower lung zones could be progressive atelectasis but is more concerning for pneumonia.
10136978,52351452,/mnt/c/Users/Zila/Downloads/BN5212/MIMIC-CXR/p10/p10/p10136978/s52351452.txt,Hernia,uncertain,uncertain,True,,"The more rounded opacity at the left paraspinal region abutting the left diaphragm is again seen, and although may represent a hiatal hernia, imaging with a PA and lateral study to further characterize this finding would be advised."
10137100,52964568,/mnt/c/Users/Zila/Downloads/BN5212/MIMIC-CXR/p10/p10/p10137100/s52964568.txt,Pneumonia,positive,positive|uncertain,True,,"There is an area of consolidation in the right perihilar region, concerning for pneumonia. | Consolidation of a portion of the anterior segment of RUL and lateral RML, compatible with pneumonia."
10137553,54058594,/mnt/c/Users/Zila/Downloads/BN5212/MIMIC-CXR/p10/p10/p10137553/s54058594.txt,Pneumonia,uncertain,uncertain,True,,There is a subtle retrocardiac opacity which in the correct clinical setting may represent an early pneumonia. | Possible early pneumonia in the left lower lobe.
10139117,51389018,/mnt/c/Users/Zila/Downloads/BN5212/MIMIC-CXR/p10/p10/p10139117/s51389018.txt,Pneumonia,uncertain,uncertain,True,,The of distribution and morphology of the opacities is highly suggestive of multifocal pneumonia.
10139117,54929065,/mnt/c/Users/Zila/Downloads/BN5212/MIMIC-CXR/p10/p10/p10139117/s54929065.txt,Pleural effusion,uncertain,uncertain,True,,"Left costophrenic angle is blunted and a small left pleural effusion is not excluded. | Obscuration of left hemidiaphragm may due to underlying consolidation; however, there may also be a possible pleural effusion and atelectasis."
10139117,57272007,/mnt/c/Users/Zila/Downloads/BN5212/MIMIC-CXR/p10/p10/p10139117/s57272007.txt,Pneumonia,uncertain,uncertain,True,,"An opacity is seen at the left lung base, likely representing atelectasis although cannot exclude pneumonia or aspiration in the right clinical setting. | Opacity at the left lung base, likely representing atelectasis but cannot exclude pneumonia or aspiration in the right clinical setting."
10139117,57272007,/mnt/c/Users/Zila/Downloads/BN5212/MIMIC-CXR/p10/p10/p10139117/s57272007.txt,Pulmonary edema,uncertain,uncertain,True,,"Diffuse interstitial markings which could represent chronic interstitial disease, lymphatic spread of tumor, or mild pulmonary edema."
10139117,58434990,/mnt/c/Users/Zila/Downloads/BN5212/MIMIC-CXR/p10/p10/p10139117/s58434990.txt,Pneumonia,uncertain,uncertain,True,,Worsened peripheral areas of consolidation in the periphery of the right mid and lower lung are concerning for evolving pneumonia in the appropriate clinical setting.
10140467,53583626,/mnt/c/Users/Zila/Downloads/BN5212/MIMIC-CXR/p10/p10/p10140467/s53583626.txt,Pneumonia,conflicting,negative|positive,True,,No opacities concerning for pneumonia or pulmonary edema. | Pneumonia/pulmonary edema.
10140467,53583626,/mnt/c/Users/Zila/Downloads/BN5212/MIMIC-CXR/p10/p10/p10140467/s53583626.txt,Pulmonary edema,conflicting,negative|positive,True,,No opacities concerning for pneumonia or pulmonary edema. | Pneumonia/pulmonary edema.
10141364,50909732,/mnt/c/Users/Zila/Downloads/BN5212/MIMIC-CXR/p10/p10/p10141364/s50909732.txt,Pleural effusion,uncertain,uncertain,True,,There is a probable small left pleural effusion.
10141364,52166000,/mnt/c/Users/Zila/Downloads/BN5212/MIMIC-CXR/p10/p10/p10141364/s52166000.txt,Pulmonary edema,uncertain,uncertain,True,,"Observed findings likely represent a progressive multifocal pneumonia, but a component of coexisting pulmonary edema is possible."
10141364,54003357,/mnt/c/Users/Zila/Downloads/BN5212/MIMIC-CXR/p10/p10/p10141364/s54003357.txt,Pleural effusion,conflicting,negative|positive,True,,There is no appreciable pleural effusion. | Pleural effusion is small if any.
10141364,56176263,/mnt/c/Users/Zila/Downloads/BN5212/MIMIC-CXR/p10/p10/p10141364/s56176263.txt,Pneumonia,uncertain,uncertain,True,,Difficult to exclude a superimposed subtle pneumonia.
10141364,57510032,/mnt/c/Users/Zila/Downloads/BN5212/MIMIC-CXR/p10/p10/p10141364/s57510032.txt,Pneumonia,uncertain,uncertain,True,,Extensive right lung opacification and patchy left basilar opacity concerning for multifocal pneumonia.
10141364,58570511,/mnt/c/Users/Zila/Downloads/BN5212/MIMIC-CXR/p10/p10/p10141364/s58570511.txt,Pleural effusion,uncertain,uncertain,True,,The presence of a small left pleural effusion cannot be excluded.
10141505,55651419,/mnt/c/Users/Zila/Downloads/BN5212/MIMIC-CXR/p10/p10/p10141505/s55651419.txt,Scoliosis,uncertain,uncertain,True,,"A chest CT performed in ___ demonstrated no evidence of a right hilar mass, and the observed asymmetry is probably due to a combination of a slight rotation related to mild scoliosis and a prominent pulmonary vascularity."
10141559,57909972,/mnt/c/Users/Zila/Downloads/BN5212/MIMIC-CXR/p10/p10/p10141559/s57909972.txt,Heart failure,uncertain,uncertain,True,,"Interval increase in mild cardiomegaly with mild pulmonary edema, suggestive of heart failure."
10141577,59612313,/mnt/c/Users/Zila/Downloads/BN5212/MIMIC-CXR/p10/p10/p10141577/s59612313.txt,Pleural effusion,conflicting,negative|positive,True,,"There is no pneumothorax or right pleural effusion. | Diagnostic considerations include pneumonia with pleural effusion, post-pericardiotomy syndrome, airway obstruction and diaphragmatic paralysis, though this is less likely given the normal position of the colonic and gastric air bubbles."
10143015,51845274,/mnt/c/Users/Zila/Downloads/BN5212/MIMIC-CXR/p10/p10/p10143015/s51845274.txt,Edema,uncertain,uncertain,True,,Findings could represent superimposed asymmetric edema versus infection.
10146602,56299651,/mnt/c/Users/Zila/Downloads/BN5212/MIMIC-CXR/p10/p10/p10146602/s56299651.txt,Pleural effusion,conflicting,negative|positive,True,,There has been interval resolution of the right-sided pleural effusion. | The left-sided pleural effusion persistent.
10146782,57177786,/mnt/c/Users/Zila/Downloads/BN5212/MIMIC-CXR/p10/p10/p10146782/s57177786.txt,Pneumonia,uncertain,uncertain,True,,Patchy right mid and left lower lung opacities concerning for pneumonia.
10146782,57345772,/mnt/c/Users/Zila/Downloads/BN5212/MIMIC-CXR/p10/p10/p10146782/s57345772.txt,Pneumonia,uncertain,uncertain,True,,"Increased opacity in the right middle lobe, more conspicuous on the frontal exam and potentially due to atelectasis; however, underlying pneumonia is not excluded."
10148417,52789709,/mnt/c/Users/Zila/Downloads/BN5212/MIMIC-CXR/p10/p10/p10148417/s52789709.txt,Pulmonary edema,uncertain,uncertain,True,,"This most likely reflects multifocal pnuemonia, possibly with a component of pulmonary edema."
10148417,53727782,/mnt/c/Users/Zila/Downloads/BN5212/MIMIC-CXR/p10/p10/p10148417/s53727782.txt,Pneumonia,uncertain,uncertain,True,,"Although most of this is probably related to pulmonary edema, superimposed areas of pneumonia must be considered, especially in the mid and lower left lung."
10148417,53727782,/mnt/c/Users/Zila/Downloads/BN5212/MIMIC-CXR/p10/p10/p10148417/s53727782.txt,Pulmonary edema,uncertain,uncertain,True,,"Although most of this is probably related to pulmonary edema, superimposed areas of pneumonia must be considered, especially in the mid and lower left lung."
10148417,55128600,/mnt/c/Users/Zila/Downloads/BN5212/MIMIC-CXR/p10/p10/p10148417/s55128600.txt,Pneumonia,uncertain,uncertain,True,,There are again seen diffuse airspace opacities throughout both lung fields which may represent pneumonia versus ARDS.
10148417,56219492,/mnt/c/Users/Zila/Downloads/BN5212/MIMIC-CXR/p10/p10/p10148417/s56219492.txt,Edema,uncertain,uncertain,True,,"Bilateral multifocal lung opacities on the background of lung fibrosis have worsened in the right upper lung and likely reflect multifocal pneumonia; however, a component of edema is possible."
10148417,58281819,/mnt/c/Users/Zila/Downloads/BN5212/MIMIC-CXR/p10/p10/p10148417/s58281819.txt,Edema,uncertain,uncertain,True,,"As noted previously, the findings are consistent with extensive pulmonary fibrosis, possibly complicated by infection or edema."
10148417,58855158,/mnt/c/Users/Zila/Downloads/BN5212/MIMIC-CXR/p10/p10/p10148417/s58855158.txt,Pulmonary edema,uncertain,uncertain,True,,"Overall, cardiomediastinal contours are stable, although difficult to assess due to the diffuse interstitial airspace process, which is essentially unchanged and may represent chronic interstitial changes, although a superimposed acute infectious process or pulmonary edema cannot be excluded."
10148417,59848740,/mnt/c/Users/Zila/Downloads/BN5212/MIMIC-CXR/p10/p10/p10148417/s59848740.txt,Pneumonia,uncertain,uncertain,True,,"There has been very little change in the appearance of the lungs in this patient with severe pulmonary fibrosis over the course of this hospitalization, probably a function of either concurrent pneumonia or acceleration of pulmonary fibrosis."
10148417,59848740,/mnt/c/Users/Zila/Downloads/BN5212/MIMIC-CXR/p10/p10/p10148417/s59848740.txt,Pulmonary fibrosis,positive,positive|uncertain,True,,"There has been very little change in the appearance of the lungs in this patient with severe pulmonary fibrosis over the course of this hospitalization, probably a function of either concurrent pneumonia or acceleration of pulmonary fibrosis."
10149287,51338925,/mnt/c/Users/Zila/Downloads/BN5212/MIMIC-CXR/p10/p10/p10149287/s51338925.txt,Hemangioma,uncertain,uncertain,True,,"3.2 x 2.2 cm calcified mass, likely benign given its stability since ___, in the posterior right hepatic lobe is possibly a calcified hemangioma, echinococcal cyst, or old abscess cavity."
10149287,53193517,/mnt/c/Users/Zila/Downloads/BN5212/MIMIC-CXR/p10/p10/p10149287/s53193517.txt,Pleural effusion,conflicting,negative|positive,True,,"Small right pleural effusion is new or increased, partially obscuring the right lung base. | There is no left pleural effusion."
10149498,54680745,/mnt/c/Users/Zila/Downloads/BN5212/MIMIC-CXR/p10/p10/p10149498/s54680745.txt,Pneumonia,uncertain,uncertain,True,,"There are patchy opacities at bilateral lower lobes, increased from ___, concerning for progression of pneumonia."
10150056,58241083,/mnt/c/Users/Zila/Downloads/BN5212/MIMIC-CXR/p10/p10/p10150056/s58241083.txt,Pleural effusion,uncertain,uncertain,True,,"As compared to the previous radiograph, there is unchanged evidence of a probably loculated right pleural effusion, a small left pleural effusion that is restricted to the left costophrenic sinus."
10150056,58241083,/mnt/c/Users/Zila/Downloads/BN5212/MIMIC-CXR/p10/p10/p10150056/s58241083.txt,Pneumonia,uncertain,uncertain,True,,The opacity is also seen on the lateral view and could represent atelectasis or pneumonia.
10150279,52921861,/mnt/c/Users/Zila/Downloads/BN5212/MIMIC-CXR/p10/p10/p10150279/s52921861.txt,Edema,uncertain,uncertain,True,,Prominence of the right hilar region could represent central edema.
10150279,58104553,/mnt/c/Users/Zila/Downloads/BN5212/MIMIC-CXR/p10/p10/p10150279/s58104553.txt,Pleural effusion,uncertain,uncertain,True,,"As compared to the previous radiograph, the lung volumes have substantially decreased, the presence of a small right pleural effusion cannot be excluded."
10150911,51447314,/mnt/c/Users/Zila/Downloads/BN5212/MIMIC-CXR/p10/p10/p10150911/s51447314.txt,Hemorrhage,positive,positive|uncertain,True,,"There are extensive bilateral interstitial opacities, which may be due to severe edema, aspiration and possibly pulmonary hemorrhage. | Extensive bilateral interstitial and possibly airspace opacities may be due to severe pulmonary edema, though underlying aspiration, pulmonary hemorrhage or even infection not excluded."
10150911,51447314,/mnt/c/Users/Zila/Downloads/BN5212/MIMIC-CXR/p10/p10/p10150911/s51447314.txt,Pulmonary edema,uncertain,uncertain,True,,"Extensive bilateral interstitial and possibly airspace opacities may be due to severe pulmonary edema, though underlying aspiration, pulmonary hemorrhage or even infection not excluded."
10151556,56216770,/mnt/c/Users/Zila/Downloads/BN5212/MIMIC-CXR/p10/p10/p10151556/s56216770.txt,Edema,conflicting,negative|positive,True,,Today there has been an increase in moderate left pleural effusion and the left lung consolidation is more pronounced than on ___ which could be combination of pneumonia and local edema or simply worsening of pneumonia. | Right lung is free of edema but there is persistent mild vascular congestion.
10151556,56216770,/mnt/c/Users/Zila/Downloads/BN5212/MIMIC-CXR/p10/p10/p10151556/s56216770.txt,Pleural effusion,conflicting,negative|positive,True,,Today there has been an increase in moderate left pleural effusion and the left lung consolidation is more pronounced than on ___ which could be combination of pneumonia and local edema or simply worsening of pneumonia. | The associated pleural effusion could be an exudate. | No appreciable right no pleural effusion.
10151556,56983747,/mnt/c/Users/Zila/Downloads/BN5212/MIMIC-CXR/p10/p10/p10151556/s56983747.txt,Pneumonia,uncertain,uncertain,True,,"In the appropriate clinical setting, it would be very difficult to exclude superimposed pneumonia."
10151556,57142350,/mnt/c/Users/Zila/Downloads/BN5212/MIMIC-CXR/p10/p10/p10151556/s57142350.txt,Pneumonia,uncertain,uncertain,True,,Opacity projecting over the right lower lung is concerning for pneumonia. | Pulmonary edema with tiny pleural effusions and right lower lung opacity concerning for pneumonia.
10151556,58313899,/mnt/c/Users/Zila/Downloads/BN5212/MIMIC-CXR/p10/p10/p10151556/s58313899.txt,Edema,uncertain,uncertain,True,,Concurrent edema cannot be excluded.
10151556,59213469,/mnt/c/Users/Zila/Downloads/BN5212/MIMIC-CXR/p10/p10/p10151556/s59213469.txt,Pulmonary edema,uncertain,uncertain,True,,"Left perihilar area appears to be increased as well as there is worsening of vascular congestion of the right lung, findings concerning for progression of interstitial pulmonary edema."
10151556,59550633,/mnt/c/Users/Zila/Downloads/BN5212/MIMIC-CXR/p10/p10/p10151556/s59550633.txt,Pulmonary edema,uncertain,uncertain,True,,"There are opacities in the left lung and right upper lung, which probably represent asymmetric pulmonary edema. | Asymmetric opacities in the lung is probably moderate pulmonary edema, however underlying pulmonary contusion, pneumonia, or aspiration is also possible in correct clinical setting."
10151713,53475872,/mnt/c/Users/Zila/Downloads/BN5212/MIMIC-CXR/p10/p10/p10151713/s53475872.txt,Pleural effusion,uncertain,uncertain,True,,"There is mild blunting of the right costophrenic angle, possibly due to pleural thickening or a small pleural effusion."
10151713,56375818,/mnt/c/Users/Zila/Downloads/BN5212/MIMIC-CXR/p10/p10/p10151713/s56375818.txt,Hernia,uncertain,uncertain,True,,Cardiomediastinal and hilar silhouettes are normal aside from possible small hiatus hernia.
10152086,53501551,/mnt/c/Users/Zila/Downloads/BN5212/MIMIC-CXR/p10/p10/p10152086/s53501551.txt,Pleural effusion,uncertain,uncertain,True,,"There is bibasilar atelectasis, greater on the left, with a possible small left pleural effusion. | Left greater than right basilar atelectasis and possible small left pleural effusion."
10153922,53261045,/mnt/c/Users/Zila/Downloads/BN5212/MIMIC-CXR/p10/p10/p10153922/s53261045.txt,Pulmonary edema,uncertain,uncertain,True,,"There is some prominence of the pulmonary interstitial markings suggestive of pulmonary edema, mild."
10154578,55111060,/mnt/c/Users/Zila/Downloads/BN5212/MIMIC-CXR/p10/p10/p10154578/s55111060.txt,Pneumonia,uncertain,uncertain,True,,"Since prior radiograph, there is a new retrocardiac opacity as well as increased mid lung opacity, probably in the lingula, worrisome for pneumonia in the appropriate setting. | Patchy basiliar opacities concerning for pneumonia."
10156269,58754239,/mnt/c/Users/Zila/Downloads/BN5212/MIMIC-CXR/p10/p10/p10156269/s58754239.txt,Pulmonary edema,uncertain,uncertain,True,,"There is interval increase in bibasal consolidations and interval development of pleural effusions, findings that might be concerning for pulmonary edema."
10156395,56372742,/mnt/c/Users/Zila/Downloads/BN5212/MIMIC-CXR/p10/p10/p10156395/s56372742.txt,Edema,uncertain,uncertain,True,,"This could represent CHF with interstitial edema, though a diffuse interstitial process could have a similar appearance."
