subject_id,input_study_id,target_study_id,disease,label,label_name,label_source,split,dicom_path
10002013,58054149,55312734,Pleural effusion,0,improving,candidate,train,C:\Users\Zila\Downloads\BN5212\MIMIC-CXR\p10\p10\p10002013\s58054149\81bca127-0c416084-67f8033c-ecb26476-6d1ecf60.dcm
10002428,55758034,50027225,Pleural effusion,2,worsening,candidate,train,C:\Users\Zila\Downloads\BN5212\MIMIC-CXR\p10\p10\p10002428\s55758034\3bea0373-0d10dd77-1cac5b90-651be924-d343b184.dcm
10003299,50536653,57344656,Pleural effusion,1,stable,candidate,train,C:\Users\Zila\Downloads\BN5212\MIMIC-CXR\p10\p10\p10003299\s50536653\69c64be9-ed77fb62-7fad1785-d91de463-0fbf5c4b.dcm
10003400,52207536,55177950,Pleural effusion,2,worsening,candidate,test,C:\Users\Zila\Downloads\BN5212\MIMIC-CXR\p10\p10\p10003400\s52207536\5a907c47-9d944216-c8477dd2-95d08914-13239bec.dcm
10003400,55177950,53352321,Pleural effusion,2,worsening,candidate,test,C:\Users\Zila\Downloads\BN5212\MIMIC-CXR\p10\p10\p10003400\s55177950\df9394ad-02389c41-a06dc228-9ddc338e-305ab921.dcm
10003400,57147097,58820563,Pleural effusion,2,worsening,candidate,test,C:\Users\Zila\Downloads\BN5212\MIMIC-CXR\p10\p10\p10003400\s57147097\71884ebf-2fa1b333-d288ddba-2a9d832b-c9f4f79b.dcm
10003400,58820563,53341253,Pleural effusion,1,stable,candidate,test,C:\Users\Zila\Downloads\BN5212\MIMIC-CXR\p10\p10\p10003400\s58820563\4057348e-68278864-98cc1e88-41ae8009-264cb3bf.dcm
10003400,53341253,50183258,Pleural effusion,1,stable,candidate,test,C:\Users\Zila\Downloads\BN5212\MIMIC-CXR\p10\p10\p10003400\s53341253\19b74f79-7ad317b1-887496c3-2645db29-48245a51.dcm
10003400,50183258,50805197,Pleural effusion,1,stable,candidate,test,C:\Users\Zila\Downloads\BN5212\MIMIC-CXR\p10\p10\p10003400\s50183258\ff09036b-78ea1c52-9c0523c6-caea3000-ce5e237f.dcm
10003502,51180958,57812613,Pleural effusion,2,worsening,candidate,test,C:\Users\Zila\Downloads\BN5212\MIMIC-CXR\p10\p10\p10003502\s51180958\1fa79752-9ddaf5b5-2120ae82-9fec50d6-51f48d1f.dcm
10005866,59391422,55665483,Pleural effusion,2,worsening,candidate,val,C:\Users\Zila\Downloads\BN5212\MIMIC-CXR\p10\p10\p10005866\s59391422\4a985010-1425fdc1-f649f309-8b269e24-6d85c760.dcm
10007795,54054513,54317369,Pleural effusion,1,stable,candidate,train,C:\Users\Zila\Downloads\BN5212\MIMIC-CXR\p10\p10\p10007795\s54054513\8ae912e7-dd9b9e8c-783e82c3-eee10e45-c8c7ba33.dcm
10007928,59796203,55780044,Pleural effusion,1,stable,candidate,train,C:\Users\Zila\Downloads\BN5212\MIMIC-CXR\p10\p10\p10007928\s59796203\81a2d3fb-10e5ed3b-8ee41b6b-dda4f09e-0e3a10ee.dcm
10009049,57157809,54394630,Pleural effusion,0,improving,candidate,train,C:\Users\Zila\Downloads\BN5212\MIMIC-CXR\p10\p10\p10009049\s57157809\eaac275b-412e3c99-c1146f1d-d5a75f6d-5b900203.dcm
10010867,56754952,59155163,Pleural effusion,1,stable,candidate,train,C:\Users\Zila\Downloads\BN5212\MIMIC-CXR\p10\p10\p10010867\s56754952\df7a605a-7716e57d-3ad62776-b196cb45-88fa7c30.dcm
10010867,59155163,59036254,Pleural effusion,0,improving,candidate,train,C:\Users\Zila\Downloads\BN5212\MIMIC-CXR\p10\p10\p10010867\s59155163\48ccf9d9-8c0c8c78-60104109-9fe3ae07-bbd8005d.dcm
10010867,57907439,55759470,Pleural effusion,2,worsening,candidate,train,C:\Users\Zila\Downloads\BN5212\MIMIC-CXR\p10\p10\p10010867\s57907439\9dc810dd-ce899718-d7aea998-a767f206-80648f57.dcm
10010867,52975216,58830152,Pleural effusion,0,improving,candidate,train,C:\Users\Zila\Downloads\BN5212\MIMIC-CXR\p10\p10\p10010867\s52975216\f2906d6b-7e9cea80-0b8b1188-85b21eb6-a59de7c8.dcm
10010867,57260480,51308353,Pleural effusion,0,improving,candidate,train,C:\Users\Zila\Downloads\BN5212\MIMIC-CXR\p10\p10\p10010867\s57260480\2c813ec6-82da7fce-18086e90-d34f7c7d-f504a346.dcm
10011365,53869555,59373787,Pleural effusion,2,worsening,candidate,train,C:\Users\Zila\Downloads\BN5212\MIMIC-CXR\p10\p10\p10011365\s53869555\afea1d4e-5402c28c-2aeb480f-c9d93494-7e04879d.dcm
10011607,54471901,54323055,Pleural effusion,0,improving,candidate,test,C:\Users\Zila\Downloads\BN5212\MIMIC-CXR\p10\p10\p10011607\s54471901\df0d0976-bf24d001-ac5b288f-6acf03aa-4124ca32.dcm
10013653,58257691,53212555,Pleural effusion,1,stable,candidate,train,C:\Users\Zila\Downloads\BN5212\MIMIC-CXR\p10\p10\p10013653\s58257691\c6daad95-a50e15b0-ca7fe56b-0ce83258-00845429.dcm
10013653,53212555,50073683,Pleural effusion,0,improving,candidate,train,C:\Users\Zila\Downloads\BN5212\MIMIC-CXR\p10\p10\p10013653\s53212555\3b9f9742-adbf9136-b41b8572-ed58df70-c59d06da.dcm
10015860,55513261,52909824,Pleural effusion,0,improving,candidate,train,C:\Users\Zila\Downloads\BN5212\MIMIC-CXR\p10\p10\p10015860\s55513261\f0c210ea-5e0e0d9b-41b8ed0f-40c2d6b7-ce43ab41.dcm
10015931,57792054,57962525,Pleural effusion,2,worsening,candidate,train,C:\Users\Zila\Downloads\BN5212\MIMIC-CXR\p10\p10\p10015931\s57792054\094f66e7-fc7faa70-d5f0b6b5-5a8b82f6-58d284b8.dcm
10015931,56053701,55693693,Pleural effusion,1,stable,candidate,train,C:\Users\Zila\Downloads\BN5212\MIMIC-CXR\p10\p10\p10015931\s56053701\0e6cbec3-9a637b61-386a910d-cb9acb17-3fc360e6.dcm
10018081,55554731,58175153,Pleural effusion,0,improving,candidate,train,C:\Users\Zila\Downloads\BN5212\MIMIC-CXR\p10\p10\p10018081\s55554731\2d1b65b0-2c6f077b-84e27662-22c28d76-3e221ce8.dcm
10018081,58175153,53356842,Pleural effusion,2,worsening,candidate,train,C:\Users\Zila\Downloads\BN5212\MIMIC-CXR\p10\p10\p10018081\s58175153\af3ba1ca-464d7dd4-6467929b-c1fbc4dc-5ec5a15a.dcm
10018328,53995593,51710812,Pleural effusion,1,stable,candidate,train,C:\Users\Zila\Downloads\BN5212\MIMIC-CXR\p10\p10\p10018328\s53995593\868d364e-a72fbf51-7778697c-bdc07fe4-6376b804.dcm
10019003,58240524,59157833,Pleural effusion,1,stable,candidate,test,C:\Users\Zila\Downloads\BN5212\MIMIC-CXR\p10\p10\p10019003\s58240524\72d55d23-84921ec6-99e95337-aeccd52a-50da54bb.dcm
10019777,55627966,56013693,Pleural effusion,0,improving,candidate,train,C:\Users\Zila\Downloads\BN5212\MIMIC-CXR\p10\p10\p10019777\s55627966\e0e33b4a-58d195f6-f41f12ca-8f76cfde-f2d522b3.dcm
10020740,59638055,58601155,Pleural effusion,1,stable,candidate,train,C:\Users\Zila\Downloads\BN5212\MIMIC-CXR\p10\p10\p10020740\s59638055\9f64c9e9-7c5cc35c-3228cd08-cedd0826-7bb24ecc.dcm
10020944,59618738,56067699,Pleural effusion,0,improving,candidate,train,C:\Users\Zila\Downloads\BN5212\MIMIC-CXR\p10\p10\p10020944\s59618738\20b1b75a-cb66a445-f1d0da82-144e0c02-0d8b4fa5.dcm
10020944,59169950,55858000,Pleural effusion,2,worsening,candidate,train,C:\Users\Zila\Downloads\BN5212\MIMIC-CXR\p10\p10\p10020944\s59169950\0787ed84-e851cbae-821132e6-de3c1845-613e590f.dcm
10020944,55858000,57546443,Pleural effusion,1,stable,candidate,train,C:\Users\Zila\Downloads\BN5212\MIMIC-CXR\p10\p10\p10020944\s55858000\99394394-357480b9-feb41b0a-5f47fb5e-65139ce7.dcm
10021487,52532886,57861581,Pleural effusion,1,stable,candidate,train,C:\Users\Zila\Downloads\BN5212\MIMIC-CXR\p10\p10\p10021487\s52532886\e63d615f-d187758e-0c6a290f-7249a615-edababe7.dcm
10021487,52487989,58098754,Pleural effusion,1,stable,candidate,train,C:\Users\Zila\Downloads\BN5212\MIMIC-CXR\p10\p10\p10021487\s52487989\434a58ad-d035720e-c1d755b9-215f038c-43ac737b.dcm
10021487,57174722,54626295,Pleural effusion,2,worsening,candidate,train,C:\Users\Zila\Downloads\BN5212\MIMIC-CXR\p10\p10\p10021487\s57174722\a83cbc15-9f45869b-3a99d499-07a3276d-4a96b453.dcm
10021487,50316375,59671735,Pleural effusion,1,stable,candidate,train,C:\Users\Zila\Downloads\BN5212\MIMIC-CXR\p10\p10\p10021487\s50316375\247d6722-c9edd24c-4566f541-3c51a14b-421ddb93.dcm
10024982,54589172,54438313,Pleural effusion,0,improving,candidate,train,C:\Users\Zila\Downloads\BN5212\MIMIC-CXR\p10\p10\p10024982\s54589172\121da9e6-50fb2afe-c8c1886c-e151708f-e167a824.dcm
10024982,51638975,58575944,Pleural effusion,2,worsening,candidate,train,C:\Users\Zila\Downloads\BN5212\MIMIC-CXR\p10\p10\p10024982\s51638975\7cc386dd-d30e4402-d8040f39-c5f827df-9574e22e.dcm
10024982,52567614,54981300,Pleural effusion,0,improving,candidate,train,C:\Users\Zila\Downloads\BN5212\MIMIC-CXR\p10\p10\p10024982\s52567614\d2089df8-eb90d800-71ac9632-d9f81c32-faa35f8b.dcm
10024982,54981300,55271482,Pleural effusion,1,stable,candidate,train,C:\Users\Zila\Downloads\BN5212\MIMIC-CXR\p10\p10\p10024982\s54981300\f55f3b10-49686d7d-f30c2ae4-48f8f84d-6164587c.dcm
10024982,55271482,50732596,Pleural effusion,1,stable,candidate,train,C:\Users\Zila\Downloads\BN5212\MIMIC-CXR\p10\p10\p10024982\s55271482\0b7c365b-1876f3c4-4b1cfc77-c0c2c8ce-ce4de4a6.dcm
10024982,57368861,59608895,Pleural effusion,0,improving,candidate,train,C:\Users\Zila\Downloads\BN5212\MIMIC-CXR\p10\p10\p10024982\s57368861\b47eb172-69fb1128-274e9add-37204072-c8ae8bdc.dcm
10029291,50907647,52115281,Pleural effusion,2,worsening,candidate,val,C:\Users\Zila\Downloads\BN5212\MIMIC-CXR\p10\p10\p10029291\s50907647\ae317f1f-fe3382ba-752a3210-f46624a8-deafc781.dcm
10039272,56135137,54437576,Pleural effusion,2,worsening,candidate,train,C:\Users\Zila\Downloads\BN5212\MIMIC-CXR\p10\p10\p10039272\s56135137\fa242e63-ba33bdf4-cde370e3-a8a33e8f-c0ff595d.dcm
10039272,54437576,50177761,Pleural effusion,0,improving,candidate,train,C:\Users\Zila\Downloads\BN5212\MIMIC-CXR\p10\p10\p10039272\s54437576\d77b16d3-8ca871fa-f0dfe325-0f78360d-efe3c971.dcm
10039272,50177761,56823182,Pleural effusion,2,worsening,candidate,train,C:\Users\Zila\Downloads\BN5212\MIMIC-CXR\p10\p10\p10039272\s50177761\e6b3a002-6c8da3f6-8078181b-6a05f10d-73336993.dcm
10039272,56823182,53049255,Pleural effusion,0,improving,candidate,train,C:\Users\Zila\Downloads\BN5212\MIMIC-CXR\p10\p10\p10039272\s56823182\284eedfa-094242da-bf433cc8-7876765a-f05a0b30.dcm
10039272,53049255,50821222,Pleural effusion,2,worsening,candidate,train,C:\Users\Zila\Downloads\BN5212\MIMIC-CXR\p10\p10\p10039272\s53049255\997d0a95-6d199448-85ddea32-b67ce20f-55800fb9.dcm
10041408,58489475,54849524,Pleural effusion,2,worsening,candidate,val,C:\Users\Zila\Downloads\BN5212\MIMIC-CXR\p10\p10\p10041408\s58489475\594f43de-f4a838a7-bb1228c9-84e791b7-9bd751f6.dcm
10046679,58048905,57374230,Pleural effusion,2,worsening,candidate,train,C:\Users\Zila\Downloads\BN5212\MIMIC-CXR\p10\p10\p10046679\s58048905\3c0068db-ccfdb7f4-6b7a0169-74a9cb89-0cd62150.dcm
10046679,57374230,52148996,Pleural effusion,2,worsening,candidate,train,C:\Users\Zila\Downloads\BN5212\MIMIC-CXR\p10\p10\p10046679\s57374230\916b71c5-ee108c9c-bf13dfb5-85b560ae-de0179b4.dcm
10047766,55277368,55339630,Pleural effusion,1,stable,candidate,train,C:\Users\Zila\Downloads\BN5212\MIMIC-CXR\p10\p10\p10047766\s55277368\835292d6-81c8046d-9a4de11c-62113dbc-9cc52b8c.dcm
10048244,57365558,58471828,Pleural effusion,2,worsening,candidate,train,C:\Users\Zila\Downloads\BN5212\MIMIC-CXR\p10\p10\p10048244\s57365558\a58985b9-355053fe-25532b2e-93cc79cc-84728213.dcm
10048244,58471828,57971406,Pleural effusion,0,improving,candidate,train,C:\Users\Zila\Downloads\BN5212\MIMIC-CXR\p10\p10\p10048244\s58471828\5bcb36a4-1a009846-9cdc4a19-a0c2a4cc-6504882a.dcm
10048451,54883941,57319650,Pleural effusion,0,improving,candidate,train,C:\Users\Zila\Downloads\BN5212\MIMIC-CXR\p10\p10\p10048451\s54883941\49daca78-2477bc3f-91c2d8b7-8031ef6c-94f9f979.dcm
10049334,55820511,58877721,Pleural effusion,0,improving,candidate,train,C:\Users\Zila\Downloads\BN5212\MIMIC-CXR\p10\p10\p10049334\s55820511\a485ccd1-a2248e70-a46a11b2-d346e2b9-a4f1ffdc.dcm
10054277,58516571,58951907,Pleural effusion,0,improving,candidate,train,C:\Users\Zila\Downloads\BN5212\MIMIC-CXR\p10\p10\p10054277\s58516571\bef0b715-0e0cc205-e3b89561-a9997632-7c29dd88.dcm
10055034,57890116,56527119,Pleural effusion,0,improving,candidate,train,C:\Users\Zila\Downloads\BN5212\MIMIC-CXR\p10\p10\p10055034\s57890116\e1bc012e-099f753b-acef6883-f7bd9673-71bf2b70.dcm
10055694,53544097,59993559,Pleural effusion,0,improving,candidate,test,C:\Users\Zila\Downloads\BN5212\MIMIC-CXR\p10\p10\p10055694\s53544097\69301261-007914f3-6dafc59b-cf76c15d-8bc3224d.dcm
10055694,55036106,56008505,Pleural effusion,0,improving,candidate,test,C:\Users\Zila\Downloads\BN5212\MIMIC-CXR\p10\p10\p10055694\s55036106\335d15b7-f10344ae-ecdea0c8-f2e53719-250582de.dcm
10058575,50325664,57299045,Pleural effusion,0,improving,candidate,val,C:\Users\Zila\Downloads\BN5212\MIMIC-CXR\p10\p10\p10058575\s50325664\7aa41cdd-146ade09-59ad5bbd-56598e6e-bdbcbee8.dcm
10060142,52590350,56946673,Pleural effusion,2,worsening,candidate,train,C:\Users\Zila\Downloads\BN5212\MIMIC-CXR\p10\p10\p10060142\s52590350\32f259ea-97f841b2-02f4209d-6b8a0083-6e2f3c23.dcm
10063856,54814005,56759094,Pleural effusion,1,stable,candidate,train,C:\Users\Zila\Downloads\BN5212\MIMIC-CXR\p10\p10\p10063856\s54814005\4bb710ab-ab7d4781-568bcd6e-5079d3e6-7fdb61b6.dcm
10063856,56759094,59111503,Pleural effusion,0,improving,candidate,train,C:\Users\Zila\Downloads\BN5212\MIMIC-CXR\p10\p10\p10063856\s56759094\10cd06e9-5443fef9-9afbe903-e2ce1eb5-dcff1097.dcm
10064049,53745704,51327292,Pleural effusion,1,stable,candidate,train,C:\Users\Zila\Downloads\BN5212\MIMIC-CXR\p10\p10\p10064049\s53745704\0295e24f-74a17d77-72350fc6-82ce5b07-c2ca0832.dcm
10064049,51327292,57926554,Pleural effusion,2,worsening,candidate,train,C:\Users\Zila\Downloads\BN5212\MIMIC-CXR\p10\p10\p10064049\s51327292\e7c40a15-83d3ea62-d1e1a95f-a6a718f2-37179ec2.dcm
10064049,55829478,57816907,Pleural effusion,0,improving,candidate,train,C:\Users\Zila\Downloads\BN5212\MIMIC-CXR\p10\p10\p10064049\s55829478\5c21d0d0-d05b07f1-4c03be6d-ed97dcdd-5dd00dfc.dcm
10067702,56666405,57325376,Pleural effusion,0,improving,candidate,train,C:\Users\Zila\Downloads\BN5212\MIMIC-CXR\p10\p10\p10067702\s56666405\bba0d0ee-66d5f2d0-9c580d33-37e21e57-112f20d5.dcm
10069423,55700778,59981182,Pleural effusion,1,stable,candidate,train,C:\Users\Zila\Downloads\BN5212\MIMIC-CXR\p10\p10\p10069423\s55700778\20ec92a1-43c132e3-b834b133-98b52e8f-ef88be5e.dcm
10069423,59981182,54213212,Pleural effusion,0,improving,candidate,train,C:\Users\Zila\Downloads\BN5212\MIMIC-CXR\p10\p10\p10069423\s59981182\0401a3a1-7a65f8d7-e2b00c82-0763edca-d7c6bd93.dcm
10070928,57557577,57036840,Pleural effusion,2,worsening,candidate,train,C:\Users\Zila\Downloads\BN5212\MIMIC-CXR\p10\p10\p10070928\s57557577\d269199c-8131aa29-4ca20b4c-fba41bfa-463a97e5.dcm
10070928,54506701,58510069,Pleural effusion,2,worsening,candidate,train,C:\Users\Zila\Downloads\BN5212\MIMIC-CXR\p10\p10\p10070928\s54506701\af327004-30253ba8-ce54f5c1-8cb84758-be28c29a.dcm
10070928,58510069,56708414,Pleural effusion,1,stable,candidate,train,C:\Users\Zila\Downloads\BN5212\MIMIC-CXR\p10\p10\p10070928\s58510069\075eb89b-6b80109e-c747c778-1958e6a7-3da162a2.dcm
10071403,51389402,51248215,Pleural effusion,1,stable,candidate,train,C:\Users\Zila\Downloads\BN5212\MIMIC-CXR\p10\p10\p10071403\s51389402\d307442a-0330dc7c-1e5daed8-263f4444-64535f19.dcm
10071403,51248215,53732712,Pleural effusion,2,worsening,candidate,train,C:\Users\Zila\Downloads\BN5212\MIMIC-CXR\p10\p10\p10071403\s51248215\3c8aea5d-dbc296fc-68c28ae8-6c8fa63c-4bec3c15.dcm
10071403,53732712,50863940,Pleural effusion,0,improving,candidate,train,C:\Users\Zila\Downloads\BN5212\MIMIC-CXR\p10\p10\p10071403\s53732712\ff4d2f31-becd7447-ca58b2c1-44042dcc-7f19ef48.dcm
10071403,55130499,58362117,Pleural effusion,2,worsening,candidate,train,C:\Users\Zila\Downloads\BN5212\MIMIC-CXR\p10\p10\p10071403\s55130499\4c246dcb-e72e2e6c-94b396f9-9c154f3b-623fa0b7.dcm
10073646,55302510,54852967,Pleural effusion,1,stable,candidate,val,C:\Users\Zila\Downloads\BN5212\MIMIC-CXR\p10\p10\p10073646\s55302510\702729e7-824bfe6e-e9664b32-1f69787b-876ee459.dcm
10073847,55561081,57900053,Pleural effusion,0,improving,candidate,train,C:\Users\Zila\Downloads\BN5212\MIMIC-CXR\p10\p10\p10073847\s55561081\2665e243-9967f293-21253f11-6376d920-9285caf4.dcm
10074556,52583306,52494638,Pleural effusion,0,improving,candidate,train,C:\Users\Zila\Downloads\BN5212\MIMIC-CXR\p10\p10\p10074556\s52583306\40dd3ece-686ff12e-97ee2dfc-f1ab9df8-35bc6a31.dcm
10076958,51036150,51811757,Pleural effusion,0,improving,candidate,train,C:\Users\Zila\Downloads\BN5212\MIMIC-CXR\p10\p10\p10076958\s51036150\a88d7da8-f0b93f97-0136547b-78e70452-96abc57c.dcm
10081869,50880271,59547400,Pleural effusion,0,improving,candidate,train,C:\Users\Zila\Downloads\BN5212\MIMIC-CXR\p10\p10\p10081869\s50880271\79e27d04-0ff1cc65-6bc0b69f-217087d8-130fbd94.dcm
10082560,50563159,59544711,Pleural effusion,1,stable,candidate,train,C:\Users\Zila\Downloads\BN5212\MIMIC-CXR\p10\p10\p10082560\s50563159\be157411-32e52d12-2b471d5b-16ced3d5-3555b9a0.dcm
10088198,58224105,55536724,Pleural effusion,1,stable,candidate,test,C:\Users\Zila\Downloads\BN5212\MIMIC-CXR\p10\p10\p10088198\s58224105\d1c79a97-d3ddc7c8-ed492c2e-a6e16257-53d558ed.dcm
10088799,56288685,58205745,Pleural effusion,1,stable,candidate,train,C:\Users\Zila\Downloads\BN5212\MIMIC-CXR\p10\p10\p10088799\s56288685\bd4b846c-419716c5-332e5939-0a812c46-cdad8fde.dcm
10095181,57427058,51068699,Pleural effusion,1,stable,candidate,train,C:\Users\Zila\Downloads\BN5212\MIMIC-CXR\p10\p10\p10095181\s57427058\8162f5a3-409f2c89-c020cce9-772755d3-98a55ccd.dcm
10097612,57886372,59679824,Pleural effusion,0,improving,candidate,train,C:\Users\Zila\Downloads\BN5212\MIMIC-CXR\p10\p10\p10097612\s57886372\a8ea8341-dbfe028d-b4cccc48-6b21d0d5-8bc0ea43.dcm
10097612,55662521,51664412,Pleural effusion,0,improving,candidate,train,C:\Users\Zila\Downloads\BN5212\MIMIC-CXR\p10\p10\p10097612\s55662521\281667f2-e304c8e8-379f0ac0-095dc24e-d4a78e00.dcm
10098008,51057848,53086305,Pleural effusion,0,improving,candidate,test,C:\Users\Zila\Downloads\BN5212\MIMIC-CXR\p10\p10\p10098008\s51057848\05154550-7dad906e-eaab463a-b8c112f9-50ce03ce.dcm
10098008,53086305,54312381,Pleural effusion,2,worsening,candidate,test,C:\Users\Zila\Downloads\BN5212\MIMIC-CXR\p10\p10\p10098008\s53086305\016994ce-6c77ea96-17460e01-6aafd8e9-389fca45.dcm
10098008,54312381,52637853,Pleural effusion,0,improving,candidate,test,C:\Users\Zila\Downloads\BN5212\MIMIC-CXR\p10\p10\p10098008\s54312381\aa60b969-d711a8fd-501a7874-94158c06-e096dc72.dcm
10098008,52637853,59169031,Pleural effusion,2,worsening,candidate,test,C:\Users\Zila\Downloads\BN5212\MIMIC-CXR\p10\p10\p10098008\s52637853\bcdc8346-9308785a-521cc384-598075e4-a1fff627.dcm
10098008,59169031,54267692,Pleural effusion,2,worsening,candidate,test,C:\Users\Zila\Downloads\BN5212\MIMIC-CXR\p10\p10\p10098008\s59169031\659d4554-af379082-fc4b6bdf-9eebbf04-f2f2b3b7.dcm
10101070,52571298,52909222,Pleural effusion,2,worsening,candidate,val,C:\Users\Zila\Downloads\BN5212\MIMIC-CXR\p10\p10\p10101070\s52571298\aa72bb3b-10eef2a6-7726685b-087f2ab5-981fe07a.dcm
10103748,53898980,54870431,Pleural effusion,1,stable,candidate,train,C:\Users\Zila\Downloads\BN5212\MIMIC-CXR\p10\p10\p10103748\s53898980\e5ae4e43-49b3559e-1a9ec230-2bc01c1a-af79c155.dcm
10103748,54870431,53858061,Pleural effusion,0,improving,candidate,train,C:\Users\Zila\Downloads\BN5212\MIMIC-CXR\p10\p10\p10103748\s54870431\65bd172a-38eaad23-8fa71450-0522c885-9c5a624c.dcm
10103748,53858061,55934580,Pleural effusion,0,improving,candidate,train,C:\Users\Zila\Downloads\BN5212\MIMIC-CXR\p10\p10\p10103748\s53858061\6159727e-2dd2b198-a80c2233-cd33865b-6a500869.dcm
10104730,56952765,54295356,Pleural effusion,0,improving,candidate,train,C:\Users\Zila\Downloads\BN5212\MIMIC-CXR\p10\p10\p10104730\s56952765\826faabe-6d791621-f07a9f42-d5425084-7a0e9ed5.dcm
10108709,55421946,56954745,Pleural effusion,1,stable,candidate,train,C:\Users\Zila\Downloads\BN5212\MIMIC-CXR\p10\p10\p10108709\s55421946\0f91e14e-19ae7ee4-bcbaee86-1e08e7e3-24ea15ce.dcm
10108709,56954745,55895688,Pleural effusion,1,stable,candidate,train,C:\Users\Zila\Downloads\BN5212\MIMIC-CXR\p10\p10\p10108709\s56954745\0cb9b913-27bd8634-b3622ec2-5aa4199a-3f198c6a.dcm
10110764,58771416,54536496,Pleural effusion,1,stable,candidate,train,C:\Users\Zila\Downloads\BN5212\MIMIC-CXR\p10\p10\p10110764\s58771416\dad5aca3-cd745760-e9ab74fa-5c07a3d1-75b4def3.dcm
10110764,58540759,55080133,Pleural effusion,1,stable,candidate,train,C:\Users\Zila\Downloads\BN5212\MIMIC-CXR\p10\p10\p10110764\s58540759\56ad0c31-6700c1d7-a01bcd99-3742356f-a8aa4037.dcm
10111112,55925982,54939261,Pleural effusion,2,worsening,candidate,train,C:\Users\Zila\Downloads\BN5212\MIMIC-CXR\p10\p10\p10111112\s55925982\dc2a2e11-e93d6a4e-583dbe42-1e0b8acc-9c1c201a.dcm
10111112,54939261,52799327,Pleural effusion,1,stable,candidate,train,C:\Users\Zila\Downloads\BN5212\MIMIC-CXR\p10\p10\p10111112\s54939261\9b344e7f-d385e473-46196462-1e4150ff-f5ef90b1.dcm
10111112,52799327,56432484,Pleural effusion,2,worsening,candidate,train,C:\Users\Zila\Downloads\BN5212\MIMIC-CXR\p10\p10\p10111112\s52799327\de2780f9-a1b051ee-89e4ea51-8945c4a4-2984afe1.dcm
10111112,56432484,58755401,Pleural effusion,0,improving,candidate,train,C:\Users\Zila\Downloads\BN5212\MIMIC-CXR\p10\p10\p10111112\s56432484\4ea255da-9c1afe57-7d79d133-b46c1c11-acd72421.dcm
10111112,56258097,52725429,Pleural effusion,1,stable,candidate,train,C:\Users\Zila\Downloads\BN5212\MIMIC-CXR\p10\p10\p10111112\s56258097\1e002557-eb8a5645-ccac5016-6a2b0cf9-b5d77e32.dcm
10111112,52725429,54644103,Pleural effusion,1,stable,candidate,train,C:\Users\Zila\Downloads\BN5212\MIMIC-CXR\p10\p10\p10111112\s52725429\599e5be8-eb142c69-14f0a146-3963a128-e5565b5e.dcm
10111112,54644103,58860868,Pleural effusion,2,worsening,candidate,train,C:\Users\Zila\Downloads\BN5212\MIMIC-CXR\p10\p10\p10111112\s54644103\3c7841ce-8cb72d6b-f199f6f2-7c72fe79-f07b333a.dcm
10111112,58860868,56361327,Pleural effusion,2,worsening,candidate,train,C:\Users\Zila\Downloads\BN5212\MIMIC-CXR\p10\p10\p10111112\s58860868\fb0dc95f-24455d9e-1c189abc-0cbeda43-fb45551b.dcm
10111112,56361327,56666966,Pleural effusion,2,worsening,candidate,train,C:\Users\Zila\Downloads\BN5212\MIMIC-CXR\p10\p10\p10111112\s56361327\574fd5c3-cedae441-72e38aa6-c69d567a-4a9597a5.dcm
10111112,56666966,55924913,Pleural effusion,1,stable,candidate,train,C:\Users\Zila\Downloads\BN5212\MIMIC-CXR\p10\p10\p10111112\s56666966\3601aeac-d6ba03d6-9d73b5eb-96aa3e9f-8b871312.dcm
10111112,55924913,56996888,Pleural effusion,2,worsening,candidate,train,C:\Users\Zila\Downloads\BN5212\MIMIC-CXR\p10\p10\p10111112\s55924913\dd005fe2-df227586-ca699546-b825e972-e24ce88d.dcm
10111614,55729805,52685454,Pleural effusion,0,improving,candidate,train,C:\Users\Zila\Downloads\BN5212\MIMIC-CXR\p10\p10\p10111614\s55729805\815c31f6-7d58c136-caaa710a-9e83ee19-2fa663e3.dcm
10113381,52726979,53228052,Pleural effusion,0,improving,candidate,val,C:\Users\Zila\Downloads\BN5212\MIMIC-CXR\p10\p10\p10113381\s52726979\4beaba1d-6e9051c1-7b71d16b-c878690c-97e17313.dcm
10113898,54216437,50966601,Pleural effusion,1,stable,candidate,train,C:\Users\Zila\Downloads\BN5212\MIMIC-CXR\p10\p10\p10113898\s54216437\048f388e-81773139-8c5bdd8f-2ebdc669-03a2cc31.dcm
10113898,50966601,56310595,Pleural effusion,0,improving,candidate,train,C:\Users\Zila\Downloads\BN5212\MIMIC-CXR\p10\p10\p10113898\s50966601\fb00cab6-b3559837-968928ce-6d368ac3-6b042911.dcm
10115397,52621553,58822948,Pleural effusion,1,stable,candidate,train,C:\Users\Zila\Downloads\BN5212\MIMIC-CXR\p10\p10\p10115397\s52621553\dcd0f176-f88663dc-b3c5b928-c19c4007-54d168da.dcm
10116310,50782200,56996062,Pleural effusion,1,stable,candidate,train,C:\Users\Zila\Downloads\BN5212\MIMIC-CXR\p10\p10\p10116310\s50782200\fd364982-5a303bdb-572aadd9-0556c862-69aef72d.dcm
10116310,56996062,56160694,Pleural effusion,0,improving,candidate,train,C:\Users\Zila\Downloads\BN5212\MIMIC-CXR\p10\p10\p10116310\s56996062\f6ff4430-9ae1d3cd-762827c6-f11b52ae-3e851a51.dcm
10119916,58937727,56429302,Pleural effusion,0,improving,candidate,train,C:\Users\Zila\Downloads\BN5212\MIMIC-CXR\p10\p10\p10119916\s58937727\1d66d9f4-e8ae158a-b416378f-7faa8bb5-5bebdc09.dcm
10119992,56427402,56493680,Pleural effusion,1,stable,candidate,train,C:\Users\Zila\Downloads\BN5212\MIMIC-CXR\p10\p10\p10119992\s56427402\12364304-2f252e15-44fc1d0d-493d596b-4088a028.dcm
10123949,53715166,51795126,Pleural effusion,0,improving,candidate,val,C:\Users\Zila\Downloads\BN5212\MIMIC-CXR\p10\p10\p10123949\s53715166\ce78ba28-597b2f06-88f9c17d-e4fd9297-569df473.dcm
10123949,52120220,58686753,Pleural effusion,0,improving,candidate,val,C:\Users\Zila\Downloads\BN5212\MIMIC-CXR\p10\p10\p10123949\s52120220\302c7db4-eec594fa-5e78b6b7-3598aecd-340a112a.dcm
10123949,50127146,59850826,Pleural effusion,0,improving,candidate,val,C:\Users\Zila\Downloads\BN5212\MIMIC-CXR\p10\p10\p10123949\s50127146\c679d75b-54e883ac-f947468d-24d11f8e-428e6e69.dcm
10123997,51798107,50935925,Pleural effusion,2,worsening,candidate,train,C:\Users\Zila\Downloads\BN5212\MIMIC-CXR\p10\p10\p10123997\s51798107\fd0a6dd2-2fa80702-52cbcd03-e7ea3ad1-8be39654.dcm
10123997,50935925,50650724,Pleural effusion,0,improving,candidate,train,C:\Users\Zila\Downloads\BN5212\MIMIC-CXR\p10\p10\p10123997\s50935925\71f2ffd3-89ba3f07-2218a2fb-75748ecc-0e4e4d65.dcm
10123997,55167516,58024657,Pleural effusion,2,worsening,candidate,train,C:\Users\Zila\Downloads\BN5212\MIMIC-CXR\p10\p10\p10123997\s55167516\ef803aa5-18389cce-ba76372d-d7cd2985-dbe78ffa.dcm
10123997,58024657,50092158,Pleural effusion,0,improving,candidate,train,C:\Users\Zila\Downloads\BN5212\MIMIC-CXR\p10\p10\p10123997\s58024657\fee5e37c-42b4a8ef-f66a2f37-ea629b18-c34c8a3d.dcm
10123997,53047791,50660699,Pleural effusion,2,worsening,candidate,train,C:\Users\Zila\Downloads\BN5212\MIMIC-CXR\p10\p10\p10123997\s53047791\47e9a622-f9f555f6-c64f69f5-e86d9451-4eafddba.dcm
10125888,57430364,53297770,Pleural effusion,1,stable,candidate,train,C:\Users\Zila\Downloads\BN5212\MIMIC-CXR\p10\p10\p10125888\s57430364\b561c00b-167831b2-8bdf0c87-35642777-7d912fe3.dcm
10127462,56032421,54393515,Pleural effusion,0,improving,candidate,val,C:\Users\Zila\Downloads\BN5212\MIMIC-CXR\p10\p10\p10127462\s56032421\64141e01-095f9d7a-6d527015-63bba486-5fbb4fd2.dcm
10127469,50686819,52877741,Pleural effusion,2,worsening,candidate,train,C:\Users\Zila\Downloads\BN5212\MIMIC-CXR\p10\p10\p10127469\s50686819\f104b795-3fc9baf3-2695e2ad-2e5ede00-80a7031d.dcm
10127469,56582733,51731377,Pleural effusion,2,worsening,candidate,train,C:\Users\Zila\Downloads\BN5212\MIMIC-CXR\p10\p10\p10127469\s56582733\37d7e851-822d8e4b-10293051-661810fb-c1ea0501.dcm
10127469,51731377,53209185,Pleural effusion,2,worsening,candidate,train,C:\Users\Zila\Downloads\BN5212\MIMIC-CXR\p10\p10\p10127469\s51731377\82f5299b-6c4d92bf-ef5c2fba-fdfd2e4e-2571fed3.dcm
10127469,50900540,53511806,Pleural effusion,1,stable,candidate,train,C:\Users\Zila\Downloads\BN5212\MIMIC-CXR\p10\p10\p10127469\s50900540\73cbbd32-afe8779a-af2366dd-311ee5e5-4265555a.dcm
10127517,51507796,52885433,Pleural effusion,1,stable,candidate,train,C:\Users\Zila\Downloads\BN5212\MIMIC-CXR\p10\p10\p10127517\s51507796\3b7bca7a-4edbf202-efea8403-f8309ce6-a144c054.dcm
10127517,54423285,59196013,Pleural effusion,1,stable,candidate,train,C:\Users\Zila\Downloads\BN5212\MIMIC-CXR\p10\p10\p10127517\s54423285\a3488138-7cb496d7-5c42dbfe-434a209f-ab800266.dcm
10129119,59629167,56906992,Pleural effusion,2,worsening,candidate,train,C:\Users\Zila\Downloads\BN5212\MIMIC-CXR\p10\p10\p10129119\s59629167\abb66238-89ad8a9b-f863ca69-cb4f76e5-ad886822.dcm
10129119,54210437,55603381,Pleural effusion,0,improving,candidate,train,C:\Users\Zila\Downloads\BN5212\MIMIC-CXR\p10\p10\p10129119\s54210437\993492ae-38b94c37-0ce116eb-976a4d44-a21225f0.dcm
10129119,56831701,53408336,Pleural effusion,0,improving,candidate,train,C:\Users\Zila\Downloads\BN5212\MIMIC-CXR\p10\p10\p10129119\s56831701\20d79687-37a0f0ad-967a05fa-66731b2d-66975264.dcm
10129815,50661858,52901287,Pleural effusion,0,improving,candidate,train,C:\Users\Zila\Downloads\BN5212\MIMIC-CXR\p10\p10\p10129815\s50661858\169198cb-89fad607-7a839c49-21fef2af-a7a3d61d.dcm
10135376,55191825,57883223,Pleural effusion,1,stable,candidate,val,C:\Users\Zila\Downloads\BN5212\MIMIC-CXR\p10\p10\p10135376\s55191825\3e866bef-c0a9555c-9665a701-75c360dd-a961f9f1.dcm
10141364,54175831,52627844,Pleural effusion,0,improving,candidate,train,C:\Users\Zila\Downloads\BN5212\MIMIC-CXR\p10\p10\p10141364\s54175831\23b2c073-cdccca1f-bf60e9ce-4c223efa-ddd3b825.dcm
10141577,59164443,59150196,Pleural effusion,2,worsening,candidate,train,C:\Users\Zila\Downloads\BN5212\MIMIC-CXR\p10\p10\p10141577\s59164443\162561c5-f631d080-afb72ad1-3013cca1-7ef9ca57.dcm
10141577,59150196,57173218,Pleural effusion,1,stable,candidate,train,C:\Users\Zila\Downloads\BN5212\MIMIC-CXR\p10\p10\p10141577\s59150196\17ebb831-7912e8ca-c6fd5f5e-05ea7b80-64d4d5cd.dcm
10147617,57642139,56711646,Pleural effusion,0,improving,candidate,test,C:\Users\Zila\Downloads\BN5212\MIMIC-CXR\p10\p10\p10147617\s57642139\3e4cbe28-cd788d2e-417501bb-560b9489-4ead4037.dcm
10149498,54680745,57300227,Pleural effusion,0,improving,candidate,val,C:\Users\Zila\Downloads\BN5212\MIMIC-CXR\p10\p10\p10149498\s54680745\c482bc1f-8c6849b4-c915ee51-83185bcd-b8a2933e.dcm
10150056,57942538,55326152,Pleural effusion,2,worsening,candidate,train,C:\Users\Zila\Downloads\BN5212\MIMIC-CXR\p10\p10\p10150056\s57942538\215ee3c4-109da6ec-76c8517a-8bda34bc-dd9442c0.dcm
10150056,55295847,51816946,Pleural effusion,1,stable,candidate,train,C:\Users\Zila\Downloads\BN5212\MIMIC-CXR\p10\p10\p10150056\s55295847\e2b79bef-f4faecf6-7eaf4400-504b9abd-c6cc79b3.dcm
10150056,51816946,56720087,Pleural effusion,2,worsening,candidate,train,C:\Users\Zila\Downloads\BN5212\MIMIC-CXR\p10\p10\p10150056\s51816946\9ec8bedb-c9aec2fb-9ca9f269-a861de2c-22ba31b5.dcm
10150056,50516357,58241083,Pleural effusion,1,stable,candidate,train,C:\Users\Zila\Downloads\BN5212\MIMIC-CXR\p10\p10\p10150056\s50516357\824d4ce5-54a76bc8-9d78cb4f-48833d61-614a1716.dcm
10150056,50100453,57328181,Pleural effusion,1,stable,candidate,train,C:\Users\Zila\Downloads\BN5212\MIMIC-CXR\p10\p10\p10150056\s50100453\01187191-62a3b725-284b6fce-d11d9636-c6138e13.dcm
10151556,59216628,59407363,Pleural effusion,1,stable,candidate,train,C:\Users\Zila\Downloads\BN5212\MIMIC-CXR\p10\p10\p10151556\s59216628\387a94ac-70aca639-62240e72-34ee4a59-8c6c04e9.dcm
10152121,55417513,58219738,Pleural effusion,1,stable,candidate,train,C:\Users\Zila\Downloads\BN5212\MIMIC-CXR\p10\p10\p10152121\s55417513\d8216eb2-72ff8caa-61c00575-9c1b1323-11ee64b5.dcm
10152121,54390368,56625547,Pleural effusion,1,stable,candidate,train,C:\Users\Zila\Downloads\BN5212\MIMIC-CXR\p10\p10\p10152121\s54390368\58280545-9503b44c-8d7bcddc-5c282e09-99e09e65.dcm
