subject_id,study_id,report_path,disease,automatic_state,mention_states,needs_review,reviewed_state,review_skipped,review_skip_reason,prior_positive_study_id,prior_positive_basis,study_start,study_end,evidence
10000980,57861150,/mnt/c/Users/Zila/Downloads/BN5212/MIMIC-CXR/p10/p10/p10000980/s57861150.txt,Pulmonary edema,conflicting,negative|positive,True,,False,,,,2191-05-30T13:19:30.609000,2191-05-30T13:19:30.609000,Previous pattern of mild pulmonary edema has essentially resolved. | Interval resolution of previously seen mild pulmonary edema with trace bilateral pleural effusions.
10001884,53268982,/mnt/c/Users/Zila/Downloads/BN5212/MIMIC-CXR/p10/p10/p10001884/s53268982.txt,Pneumonia,uncertain,uncertain,True,,False,,,,2128-07-15T13:11:23,2128-07-15T13:11:23,Asymmetric opacity in the right middle lobe is concerning for pneumonia. | Right middle lobe opacity concerning for pneumonia.
10001884,50807032,/mnt/c/Users/Zila/Downloads/BN5212/MIMIC-CXR/p10/p10/p10001884/s50807032.txt,Bronchiectasis,uncertain,uncertain,True,,False,,,,2129-08-25T12:59:44,2129-08-25T12:59:44,No change in the probable right apical bronchiectasis.
10001884,51817555,/mnt/c/Users/Zila/Downloads/BN5212/MIMIC-CXR/p10/p10/p10001884/s51817555.txt,Pleural effusion,conflicting,negative|positive,True,,False,,,,2130-10-08T17:16:56.281000,2130-10-08T17:16:56.281000,Relative increase in opacity over the lung bases bilaterally is felt due to overlying soft tissue rather than consolidation or pleural effusion. | No large pleural effusion or pneumothorax is seen.
10002428,56100138,/mnt/c/Users/Zila/Downloads/BN5212/MIMIC-CXR/p10/p10/p10002428/s56100138.txt,Ileus,uncertain,uncertain,True,,False,,,,2156-04-12T12:37:23.656000,2156-04-12T12:37:23.656000,Multiple dilated loops of small bowel may represent ileus or obstruction.
10002428,58601917,/mnt/c/Users/Zila/Downloads/BN5212/MIMIC-CXR/p10/p10/p10002428/s58601917.txt,Pleural effusion,conflicting,negative|positive,True,,False,,,,2156-04-22T02:18:48.359000,2156-04-22T02:18:48.359000,"Constant extent and distribution of the known left pleural effusion with mild to moderate retrocardiac and basal atelectasis. | On the right, the pleural drain is in unchanged position and there is no evidence of a larger pleural effusion."
10003019,58365492,/mnt/c/Users/Zila/Downloads/BN5212/MIMIC-CXR/p10/p10/p10003019/s58365492.txt,Pneumonia,uncertain,uncertain,True,,False,,,,2173-09-20T12:34:53,2173-09-20T12:34:53,New left lower lobe consolidation concerning for acute pneumonia.
10003019,57194088,/mnt/c/Users/Zila/Downloads/BN5212/MIMIC-CXR/p10/p10/p10003019/s57194088.txt,Pneumonia,uncertain,uncertain,True,,False,,,,2174-09-16T15:16:01.375000,2174-09-16T15:16:01.375000,"Scattered opacities in the lungs, as seen on prior chest radiographs, could represent pneumonia or sarcoidosis flair."
10003019,57194088,/mnt/c/Users/Zila/Downloads/BN5212/MIMIC-CXR/p10/p10/p10003019/s57194088.txt,Sarcoidosis,uncertain,uncertain,True,,False,,,,2174-09-16T15:16:01.375000,2174-09-16T15:16:01.375000,"Scattered opacities in the lungs, as seen on prior chest radiographs, could represent pneumonia or sarcoidosis flair."
10003502,57812613,/mnt/c/Users/Zila/Downloads/BN5212/MIMIC-CXR/p10/p10/p10003502/s57812613.txt,Pleural effusion,conflicting,negative|positive,True,,False,,,,2165-11-21T13:48:38,2165-11-21T13:48:38,There is a moderate-sized left pleural effusion which is increased in size from the prior exam in ___. | There is no right pleural effusion. | Enlarging moderate left pleural effusion.
10003502,52139270,/mnt/c/Users/Zila/Downloads/BN5212/MIMIC-CXR/p10/p10/p10003502/s52139270.txt,Pneumonia,uncertain,uncertain,True,,False,,,,2166-02-15T10:49:13.578000,2166-02-15T10:49:13.578000,"Bilateral pleural effusions, cardiomegaly and mild edema suggest fluid overload, however, given the clinical history, underlying consolidation due to pneumonia cannot be excluded at the lung bases."
10004235,52379321,/mnt/c/Users/Zila/Downloads/BN5212/MIMIC-CXR/p10/p10/p10004235/s52379321.txt,Pulmonary edema,positive,positive|uncertain,True,,False,,,,2196-02-24T12:37:46.937000,2196-02-24T12:37:46.937000,Pulmonary vascular engorgement and diffuse airspace opacities likely relates to pulmonary vascular congestion and mild pulmonary edema in the setting of volume resuscitation. | Pulmonary vascular congestion and probable mild pulmonary edema.
10005024,59581256,/mnt/c/Users/Zila/Downloads/BN5212/MIMIC-CXR/p10/p10/p10005024/s59581256.txt,Pneumonia,uncertain,negative|uncertain,True,,False,,,,2138-04-10T10:26:41,2138-04-10T10:26:41,"Confluent opacification at the base of the right lung is probably atelectasis, pleural mild pneumonia is difficult to exclude. | In all other locations there no findings that would raise the possibility of pneumonia."
10005024,53950795,/mnt/c/Users/Zila/Downloads/BN5212/MIMIC-CXR/p10/p10/p10005024/s53950795.txt,Pneumonia,uncertain,uncertain,True,,False,,,,2138-04-11T16:43:18.953000,2138-04-11T16:43:18.953000,"In addition, there is worsening pulmonary edema as well as a worsening right lower lobe infiltrate which could represent pneumonia in the correct clinical setting. | Worsening combination of pleural effusion, pulmonary edema and possibly pneumonia particularly in the right lower lobe."
10007795,54492585,/mnt/c/Users/Zila/Downloads/BN5212/MIMIC-CXR/p10/p10/p10007795/s54492585.txt,Pleural effusion,conflicting,negative|positive,True,,False,,,,2136-04-14T14:30:51.781000,2136-04-14T14:30:51.781000,"A small left pleural effusion persists. | There is no right pleural effusion. | Improvement in left basilar opacity, with persistent small left pleural effusion."
10007795,54492585,/mnt/c/Users/Zila/Downloads/BN5212/MIMIC-CXR/p10/p10/p10007795/s54492585.txt,Pneumonia,uncertain,uncertain,True,,False,,,,2136-04-14T14:30:51.781000,2136-04-14T14:30:51.781000,"A new right basilar opacity is present, likely atelectasis, although pneumonia cannot be excluded. | New right basilar opacity, which may represent pneumonia in the correct clinical setting."
10009049,58922574,/mnt/c/Users/Zila/Downloads/BN5212/MIMIC-CXR/p10/p10/p10009049/s58922574.txt,Hemorrhage,uncertain,uncertain,True,,False,,,,2174-05-26T05:19:44.015000,2174-05-26T05:19:44.015000,"There has been interval development of bibasilar opacities, which are concerning for a rapidly developing pneumonia versus alveolar hemorrhage. | Short interval development of bibasilar opacities, which are concerning for a rapidly developing pneumonia versus alveolar hemorrhage."
10009049,58922574,/mnt/c/Users/Zila/Downloads/BN5212/MIMIC-CXR/p10/p10/p10009049/s58922574.txt,Pleural effusion,conflicting,negative|positive,True,,False,,,,2174-05-26T05:19:44.015000,2174-05-26T05:19:44.015000,There appears to be a small left pleural effusion. | There is no right pleural effusion or pneumothorax.
10009049,58922574,/mnt/c/Users/Zila/Downloads/BN5212/MIMIC-CXR/p10/p10/p10009049/s58922574.txt,Pneumonia,uncertain,uncertain,True,,False,,,,2174-05-26T05:19:44.015000,2174-05-26T05:19:44.015000,"There has been interval development of bibasilar opacities, which are concerning for a rapidly developing pneumonia versus alveolar hemorrhage. | Short interval development of bibasilar opacities, which are concerning for a rapidly developing pneumonia versus alveolar hemorrhage."
10010867,59851295,/mnt/c/Users/Zila/Downloads/BN5212/MIMIC-CXR/p10/p10/p10010867/s59851295.txt,Edema,uncertain,uncertain,True,,False,,,,2148-01-03T05:36:02.625000,2148-01-03T05:36:02.625000,"Mild interstitial abnormality, is probably edema."
10010867,52872599,/mnt/c/Users/Zila/Downloads/BN5212/MIMIC-CXR/p10/p10/p10010867/s52872599.txt,Edema,uncertain,uncertain,True,,False,,,,2148-01-05T06:03:05.484000,2148-01-05T06:03:05.484000,"Hazy opacification that has developed over much of the right lung is probably edema, although posteriorly layering pleural effusion might have the same visual impact."
10010867,58830152,/mnt/c/Users/Zila/Downloads/BN5212/MIMIC-CXR/p10/p10/p10010867/s58830152.txt,Pneumonia,uncertain,uncertain,True,,False,,,,2148-01-06T11:08:10.187000,2148-01-06T11:08:10.187000,Cardiomediastinal silhouette is unchanged but there is interval progression of left lung consolidation and right widening out that might be concerning for a combination of pulmonary edema and pneumonia.
10011668,57317530,/mnt/c/Users/Zila/Downloads/BN5212/MIMIC-CXR/p10/p10/p10011668/s57317530.txt,Aortic dissection,uncertain,uncertain,True,,False,,,,2133-12-13T15:07:44,2133-12-13T15:07:44,"Please note that a normal chest radiograph does not exclude a dissection, and if, based on clinical condition, aortic dissection is suspected then CTA of the Chest can be obtained for assessment."
10015931,51155735,/mnt/c/Users/Zila/Downloads/BN5212/MIMIC-CXR/p10/p10/p10015931/s51155735.txt,Pneumonia,uncertain,uncertain,True,,False,,,,2176-12-23T04:01:16.828000,2176-12-23T04:01:16.828000,"In the appropriate clinical setting, it would be difficult to exclude superimposed pneumonia, especially in the absence of a lateral view."
10018081,55554731,/mnt/c/Users/Zila/Downloads/BN5212/MIMIC-CXR/p10/p10/p10018081/s55554731.txt,Pleural effusion,positive,positive|uncertain,True,,False,,,,2133-12-20T14:26:08.234000,2133-12-20T14:26:08.234000,"Dense extensive retrocardiac opacification with air bronchograms and a probable associated pleural effusion persists without clear change. | A pleural effusion is not apparent on the right on this study, which may be due to a true decrease or consequence of differences in positioning. | Persistent extensive retrocardiac opacification, most commonly due to atelectasis, with a pleural effusion."
10018081,55554731,/mnt/c/Users/Zila/Downloads/BN5212/MIMIC-CXR/p10/p10/p10018081/s55554731.txt,Pneumonia,uncertain,uncertain,True,,False,,,,2133-12-20T14:26:08.234000,2133-12-20T14:26:08.234000,"There is a new focal opacity in the left upper lobe with a geometric appearance, probably compatible with atelectasis; a newly forming area of pneumonia is not excluded, however."
10018081,56762822,/mnt/c/Users/Zila/Downloads/BN5212/MIMIC-CXR/p10/p10/p10018081/s56762822.txt,Pneumonia,uncertain,uncertain,True,,False,,,,2133-12-28T20:00:19.187000,2133-12-28T20:00:19.187000,"Although this may represent partial lower lobe atelectasis, aspiration and pneumonia should also be considered."
10018081,59614225,/mnt/c/Users/Zila/Downloads/BN5212/MIMIC-CXR/p10/p10/p10018081/s59614225.txt,Pneumonia,uncertain,uncertain,True,,False,,,,2133-12-29T06:04:04.546000,2133-12-29T06:04:04.546000,"Although these findings may represent atelectasis, aspiration and/or bibasilar pneumonia should also be considered."
10018081,50772344,/mnt/c/Users/Zila/Downloads/BN5212/MIMIC-CXR/p10/p10/p10018081/s50772344.txt,Pneumonia,uncertain,uncertain,True,,False,,,,2133-12-30T06:01:44.125000,2133-12-30T06:01:44.125000,"Persistent retrocardiac consolidation and more patchy opacity at the right base remain and are concerning for atelectasis, aspiration or bibasilar pneumonia."
10018081,58479559,/mnt/c/Users/Zila/Downloads/BN5212/MIMIC-CXR/p10/p10/p10018081/s58479559.txt,Pleural effusion,conflicting,negative|positive,True,,False,,,,2134-01-02T17:10:20.046000,2134-01-02T17:10:20.046000,"Left lung base opacity has worsened since prior chest x-ray due to increased pleural effusion and left lower lobe collapse. | Right lung is clear without consolidation, nodules or pleural effusion. | Heart size is partially obscured by left pleural effusion but appears within normal limits. | Interval increase of left lung base collapse and pleural effusion, is concerning for pneumonia."
10018081,58479559,/mnt/c/Users/Zila/Downloads/BN5212/MIMIC-CXR/p10/p10/p10018081/s58479559.txt,Pneumonia,positive,positive|uncertain,True,,False,,,,2134-01-02T17:10:20.046000,2134-01-02T17:10:20.046000,"In the appropriate clinical setting pneumonia should be considered. | Interval increase of left lung base collapse and pleural effusion, is concerning for pneumonia."
10018081,52153377,/mnt/c/Users/Zila/Downloads/BN5212/MIMIC-CXR/p10/p10/p10018081/s52153377.txt,Osteoarthritis,uncertain,uncertain,True,,False,,,,2134-08-10T14:48:25,2134-08-10T14:48:25,Probable old healed fracture right clavicle as well severe right glenohumeral osteoarthritis.
10018081,56942504,/mnt/c/Users/Zila/Downloads/BN5212/MIMIC-CXR/p10/p10/p10018081/s56942504.txt,Pneumonia,positive,positive|uncertain,True,,False,,,,2134-09-05T17:45:38.625000,2134-09-05T17:45:38.625000,"Findings are consistent with small to moderate bilateral pleural effusions with overlying atelectasis, underlying consolidation due to pneumonia is not excluded. | Bilateral pleural effusions, pulmonary edema, and marked enlargement of the cardiac silhouette suggest CHF, however underlying consolidation due to pneumonia at the lung bases not excluded in the appropriate clinical setting."
10018081,55297211,/mnt/c/Users/Zila/Downloads/BN5212/MIMIC-CXR/p10/p10/p10018081/s55297211.txt,Pleural effusion,conflicting,negative|positive,True,,False,,,,2134-09-07T08:18:11.906000,2134-09-07T08:18:11.906000,"Pulmonary edema has nearly resolved, with associated resolving right pleural effusion. | Stable cardiomegaly, and small left pleural effusion with adjacent basilar atelectasis."
10018712,56085991,/mnt/c/Users/Zila/Downloads/BN5212/MIMIC-CXR/p10/p10/p10018712/s56085991.txt,Edema,uncertain,uncertain,True,,False,,,,2165-08-12T23:22:47.062000,2165-08-12T23:22:47.062000,Possible mild interstitial edema.
10019003,53307223,/mnt/c/Users/Zila/Downloads/BN5212/MIMIC-CXR/p10/p10/p10019003/s53307223.txt,Pleural effusion,conflicting,negative|positive,True,,False,,,,2153-03-28T01:03:46.093000,2153-03-28T01:03:46.093000,There is a new small left pleural effusion. | No right pleural effusion. | New small retrocardiac opacity with small left pleural effusion is worrisome for pneumonia in the appropriate clinical setting.
10019385,50273827,/mnt/c/Users/Zila/Downloads/BN5212/MIMIC-CXR/p10/p10/p10019385/s50273827.txt,Pleural effusion,uncertain,uncertain,True,,False,,,,2180-02-22T10:33:33.328000,2180-02-22T10:33:33.328000,"Probable tiny left pleural effusion, improved."
10019385,55200571,/mnt/c/Users/Zila/Downloads/BN5212/MIMIC-CXR/p10/p10/p10019385/s55200571.txt,Pleural effusion,conflicting,negative|positive,True,,False,,,,2180-03-03T22:21:07.093000,2180-03-03T22:21:07.093000,No large pleural effusion is seen although trace pleural effusion is difficult to exclude.
10020944,54752011,/mnt/c/Users/Zila/Downloads/BN5212/MIMIC-CXR/p10/p10/p10020944/s54752011.txt,Pleural effusion,positive,positive|uncertain,True,,False,,,,2131-02-27T13:37:38.531000,2131-02-27T13:37:38.531000,"Allowing for this limitation, there is opacification of the right lower lung, likely due to a combination of atelectasis given volume loss with rightward mediastnal shift to the right and possible pleural effusion. | Right lower lobe consolidation, likely a combination of atelectasis or consolidation with pleural effusion."
10020944,54060261,/mnt/c/Users/Zila/Downloads/BN5212/MIMIC-CXR/p10/p10/p10020944/s54060261.txt,Pneumonia,uncertain,uncertain,True,,False,,,,2131-03-10T13:48:19.281000,2131-03-10T13:48:19.281000,"Right lower lobe consolidation which may represent pneumonia, aspiration, or atelectasis, is unchanged."
10021487,57549992,/mnt/c/Users/Zila/Downloads/BN5212/MIMIC-CXR/p10/p10/p10021487/s57549992.txt,Pleural effusion,uncertain,uncertain,True,,False,,,,2116-12-05T05:10:21.187000,2116-12-05T05:10:21.187000,"There is definitely greater opacification projecting over the right lung now than earlier, but I am unsure what it is, probably basilar atelectasis and new pleural effusion."
10021487,52532886,/mnt/c/Users/Zila/Downloads/BN5212/MIMIC-CXR/p10/p10/p10021487/s52532886.txt,Pleural effusion,positive,positive|uncertain,True,,False,,,,2116-12-06T05:45:46.968000,2116-12-06T05:45:46.968000,"Veil-like opacification over the right hemithorax is probably largely pleural effusion, but it obscures the lungs and makes it impossible to exclude interstitial edema or even lower lobe atelectasis. | The left pleural effusion is small and left lung demonstrates mild edema."
10021487,52532886,/mnt/c/Users/Zila/Downloads/BN5212/MIMIC-CXR/p10/p10/p10021487/s52532886.txt,Pneumonia,uncertain,uncertain,True,,False,,,,2116-12-06T05:45:46.968000,2116-12-06T05:45:46.968000,"On the left, the opacification at the bases is so severe that it is possible to diagnose likely collapsed, alternatively pneumonia."
10021927,56863750,/mnt/c/Users/Zila/Downloads/BN5212/MIMIC-CXR/p10/p10/p10021927/s56863750.txt,Pneumonia,positive,positive|uncertain,True,,False,,,,2180-09-20T15:46:21.234000,2180-09-20T15:46:21.234000,"Increasing bilateral diffuse airspace opacities which can be seen in the setting of multifocal pneumonia and pulmonary edema. | Increasing and diffuse bilateral airspace opacities, concerning for pulmonary edema however superimposed multifocal pneumonia cannot be excluded."
10021927,56863750,/mnt/c/Users/Zila/Downloads/BN5212/MIMIC-CXR/p10/p10/p10021927/s56863750.txt,Pulmonary edema,positive,positive|uncertain,True,,False,,,,2180-09-20T15:46:21.234000,2180-09-20T15:46:21.234000,"Increasing bilateral diffuse airspace opacities which can be seen in the setting of multifocal pneumonia and pulmonary edema. | Increasing and diffuse bilateral airspace opacities, concerning for pulmonary edema however superimposed multifocal pneumonia cannot be excluded."
10023117,55383014,/mnt/c/Users/Zila/Downloads/BN5212/MIMIC-CXR/p10/p10/p10023117/s55383014.txt,Pleural effusion,uncertain,uncertain,True,,False,,,,2175-03-22T07:57:07.656000,2175-03-22T07:57:07.656000,Left retrocardiac opacification minimally changed and probably reflects a combination of pleural effusion and atelectasis.
10025630,59510909,/mnt/c/Users/Zila/Downloads/BN5212/MIMIC-CXR/p10/p10/p10025630/s59510909.txt,Pneumonia,uncertain,uncertain,True,,False,,,,2156-11-08T11:54:05,2156-11-08T11:54:05,"Superimposed pneumonia is not excluded. | However given the clinical history, superimposed pneumonia is not excluded."
10025647,54831482,/mnt/c/Users/Zila/Downloads/BN5212/MIMIC-CXR/p10/p10/p10025647/s54831482.txt,Pulmonary edema,positive,positive|uncertain,True,,False,,,,2180-11-18T08:53:57.218000,2180-11-18T08:53:57.218000,"Multifocal opacifications throughout both lungs and may represent atypical infectious process with a less likely consideration given to pulmonary edema; there is relative absence of central pulmonary vessel prominence. | Multifocal opacification throughout both lungs, possibly representing atypical infectious process, with a less likely consideration given to pulmonary edema."
10025647,56005833,/mnt/c/Users/Zila/Downloads/BN5212/MIMIC-CXR/p10/p10/p10025647/s56005833.txt,Pleural effusion,conflicting,negative|positive,True,,False,,,,2181-05-11T20:26:47.703000,2181-05-11T20:26:47.703000,There is elevation of the left hemidiaphragm and slight blunting of the left costophrenic angle which may be due to a small pleural effusion with overlying atelectasis. | No right pleural effusion is seen. | Left base opacity may be due to combination of pleural effusion and atelectasis.
10028480,59153189,/mnt/c/Users/Zila/Downloads/BN5212/MIMIC-CXR/p10/p10/p10028480/s59153189.txt,Pneumonia,uncertain,uncertain,True,,False,,,,2190-01-05T14:31:22.078000,2190-01-05T14:31:22.078000,Underlying pneumonia cannot be excluded.
10029291,51946347,/mnt/c/Users/Zila/Downloads/BN5212/MIMIC-CXR/p10/p10/p10029291/s51946347.txt,Hypertension,uncertain,uncertain,True,,False,,,,2123-02-20T00:20:02.843000,2123-02-20T00:20:02.843000,Dilatation of the main and left pulmonary artery possibly related to known pulmonary embolism or underlying pulmonary arterial hypertension.
10029291,51946347,/mnt/c/Users/Zila/Downloads/BN5212/MIMIC-CXR/p10/p10/p10029291/s51946347.txt,Pulmonary embolism,uncertain,uncertain,True,,False,,,,2123-02-20T00:20:02.843000,2123-02-20T00:20:02.843000,Dilatation of the main and left pulmonary artery possibly related to known pulmonary embolism or underlying pulmonary arterial hypertension.
10029874,54149750,/mnt/c/Users/Zila/Downloads/BN5212/MIMIC-CXR/p10/p10/p10029874/s54149750.txt,Pneumonia,uncertain,uncertain,True,,False,,,,2184-01-14T15:21:44.046000,2184-01-14T15:21:44.046000,Probable left lower lobe pneumonia.
10030487,55326723,/mnt/c/Users/Zila/Downloads/BN5212/MIMIC-CXR/p10/p10/p10030487/s55326723.txt,Pleural effusion,uncertain,uncertain,True,,False,,,,2125-07-13T18:37:33.765000,2125-07-13T18:37:33.765000,"Slight blunting of the posterior right costophrenic angle may be artifactual, although trace pleural effusion is not excluded. | Slight blunting of the posterior right costophrenic angle may be artifactual, although trace pleural effusion not excluded."
10030487,57391561,/mnt/c/Users/Zila/Downloads/BN5212/MIMIC-CXR/p10/p10/p10030487/s57391561.txt,Pleural effusion,positive,positive|uncertain,True,,False,,,,2128-07-31T09:54:41.093000,2128-07-31T09:54:41.093000,Small left pleural effusion may be present. | Possible trace left pleural effusion.
10030753,53034862,/mnt/c/Users/Zila/Downloads/BN5212/MIMIC-CXR/p10/p10/p10030753/s53034862.txt,Cardiomegaly,positive,positive|uncertain,True,,False,,,,2198-08-28T09:52:00,2198-08-28T09:52:00,"Probable mild cardiomegaly, though the cardiomediastinal silhouette is unchanged. | Mild cardiomegaly and upper zone redistribution, unchanged."
10031816,59326077,/mnt/c/Users/Zila/Downloads/BN5212/MIMIC-CXR/p10/p10/p10031816/s59326077.txt,Pneumonia,uncertain,uncertain,True,,False,,,,2200-05-27T09:54:57,2200-05-27T09:54:57,There are no additional focal lung consolidations or opacities concerning for superimposed or secondary process such as pneumonia.
10032409,59757357,/mnt/c/Users/Zila/Downloads/BN5212/MIMIC-CXR/p10/p10/p10032409/s59757357.txt,Pleural effusion,uncertain,uncertain,True,,False,,,,2129-05-03T18:19:13.687000,2129-05-03T18:19:13.687000,"There is persistent mild blunting of the right costophrenic angle, and a trace pleural effusion cannot be excluded."
10033552,56492208,/mnt/c/Users/Zila/Downloads/BN5212/MIMIC-CXR/p10/p10/p10033552/s56492208.txt,Pulmonary edema,positive,positive|uncertain,True,,False,,,,2132-07-02T20:28:57.109000,2132-07-02T20:28:57.109000,Upright AP and lateral radiographs of the chest show perihilar fullness and prominent indistinct vascularity most suggestive of mild to moderate pulmonary edema. | Findings suggesting pulmonary edema.
10035631,50257519,/mnt/c/Users/Zila/Downloads/BN5212/MIMIC-CXR/p10/p10/p10035631/s50257519.txt,Pneumonia,uncertain,uncertain,True,,False,,,,2112-12-03T13:31:15.296000,2112-12-03T13:31:15.296000,Small consolidation at the base of the right upper lobe that could represent pneumonia or atlectasis.
10037602,56937008,/mnt/c/Users/Zila/Downloads/BN5212/MIMIC-CXR/p10/p10/p10037602/s56937008.txt,Pneumonia,uncertain,uncertain,True,,False,,,,2148-05-17T12:06:21.031000,2148-05-17T12:06:21.031000,"In the appropriate clinical setting, these findings are suggestive of pneumonia."
10037602,54515885,/mnt/c/Users/Zila/Downloads/BN5212/MIMIC-CXR/p10/p10/p10037602/s54515885.txt,Pneumonia,uncertain,uncertain,True,,False,,,,2148-08-26T09:46:23.734000,2148-08-26T09:46:23.734000,"If there is an appropriate clinical history to suggest possible central obstructing lesion leading to failure to clear a pneumonia, CT could be obtained."
10038332,51895880,/mnt/c/Users/Zila/Downloads/BN5212/MIMIC-CXR/p10/p10/p10038332/s51895880.txt,Pneumonia,uncertain,uncertain,True,,False,,,,2168-07-18T14:44:02.906000,2168-07-18T14:44:02.906000,Probable left lower lobe pneumonia.
10039272,55594119,/mnt/c/Users/Zila/Downloads/BN5212/MIMIC-CXR/p10/p10/p10039272/s55594119.txt,Pleural effusion,conflicting,negative|positive,True,,False,,,,2134-11-26T14:17:58,2134-11-26T14:17:58,"There are no new areas of consolidation, pleural effusion or pneumothorax. | Small left pleural effusion is unchanged from prior."
10039272,58098083,/mnt/c/Users/Zila/Downloads/BN5212/MIMIC-CXR/p10/p10/p10039272/s58098083.txt,Pneumonia,positive,positive|uncertain,True,,False,,,,2134-11-28T12:08:45.437000,2134-11-28T12:08:45.437000,"Improving right middle lobe pneumonia, with mild residual opacity. | Possibility of a new site of pneumonia cannot be excluded."
10039272,58098083,/mnt/c/Users/Zila/Downloads/BN5212/MIMIC-CXR/p10/p10/p10039272/s58098083.txt,Pulmonary hypertension,uncertain,uncertain,True,,False,,,,2134-11-28T12:08:45.437000,2134-11-28T12:08:45.437000,Cardiomegaly and probable pulmonary hypertension.
10042810,52077136,/mnt/c/Users/Zila/Downloads/BN5212/MIMIC-CXR/p10/p10/p10042810/s52077136.txt,Pulmonary hypertension,positive,positive|uncertain,True,,False,,,,2173-08-30T13:00:07.015000,2173-08-30T13:00:07.015000,"Bilateral hilar enlargement is suggestive of underlying pulmonary hypertension. | Bilateral hilar enlargement, likely secondary to underlying pulmonary hypertension."
10044096,56859736,/mnt/c/Users/Zila/Downloads/BN5212/MIMIC-CXR/p10/p10/p10044096/s56859736.txt,Pneumonia,conflicting,negative|positive,True,,False,,,,2191-02-26T15:09:23.764000,2191-02-26T15:09:23.764000,"Right perihilar pneumonia has almost completely resolved, there are no new lung abnormalities. | Almost completely resolved right perihilar pneumonia"
10044316,55641540,/mnt/c/Users/Zila/Downloads/BN5212/MIMIC-CXR/p10/p10/p10044316/s55641540.txt,Pneumonia,uncertain,negative|uncertain,True,,False,,,,2199-06-12T16:45:17,2199-06-12T16:45:17,Mild opacity in the left upper lobe disc concerning for left upper lobe pneumonia. | RECOMMENDATION(S): Followup of the patient 4 weeks after completion of antibiotic therapy for documentation of resolution of left upper lobe pneumonia is recommended.
10046679,58689398,/mnt/c/Users/Zila/Downloads/BN5212/MIMIC-CXR/p10/p10/p10046679/s58689398.txt,Pneumonia,uncertain,uncertain,True,,False,,,,2170-07-12T11:22:25,2170-07-12T11:22:25,Focal opacity in the right lower lobe is new from ___ and concerning for pneumonia.
10046679,50744827,/mnt/c/Users/Zila/Downloads/BN5212/MIMIC-CXR/p10/p10/p10046679/s50744827.txt,Pulmonary edema,uncertain,uncertain,True,,False,,,,2172-01-20T15:24:37.562000,2172-01-20T15:24:37.562000,"Minimal interval change in the appearance of the lungs with low inspiratory volumes, and findings suggestive of pulmonary edema."
10047766,55339630,/mnt/c/Users/Zila/Downloads/BN5212/MIMIC-CXR/p10/p10/p10047766/s55339630.txt,Pleural effusion,positive,positive|uncertain,True,,False,,,,2116-05-30T12:35:17,2116-05-30T12:37:46.312000,"Compared with the most recent prior study, lung volumes are improved and a moderate to large left pleural effusion is likely unchanged. | Improved lung volumes with a probably unchanged moderate to large left pleural effusion."
10047766,55339630,/mnt/c/Users/Zila/Downloads/BN5212/MIMIC-CXR/p10/p10/p10047766/s55339630.txt,Splenomegaly,uncertain,uncertain,True,,False,,,,2116-05-30T12:35:17,2116-05-30T12:37:46.312000,Probable splenomegaly is noted.
10048244,58732361,/mnt/c/Users/Zila/Downloads/BN5212/MIMIC-CXR/p10/p10/p10048244/s58732361.txt,Pleural effusion,conflicting,negative|positive,True,,False,,,,2117-10-02T14:30:39.593000,2117-10-02T14:30:39.593000,There might be a small right-sided pleural effusion. | There is no left-sided pleural effusion or pneumothorax.
10048451,53489305,/mnt/c/Users/Zila/Downloads/BN5212/MIMIC-CXR/p10/p10/p10048451/s53489305.txt,Pneumonia,positive,positive|uncertain,True,,False,,,,2147-12-17T13:03:52,2147-12-17T13:03:52,Focal opacity in the lingular lobe consistent with pneumonia with possible increased opacity of the left lower lobe suggestive of pneumonia. | Lingular lobe pneumonia with possible right lower lobe pneumonia.
10049334,58877721,/mnt/c/Users/Zila/Downloads/BN5212/MIMIC-CXR/p10/p10/p10049334/s58877721.txt,Edema,uncertain,uncertain,True,,False,,,,2183-07-10T10:36:34.109000,2183-07-10T10:36:34.109000,"Opacification at the lung bases is probably a combination of atelectasis, dependent edema overlying pleural effusion."
10051043,57250953,/mnt/c/Users/Zila/Downloads/BN5212/MIMIC-CXR/p10/p10/p10051043/s57250953.txt,Pneumonia,positive,positive|uncertain,True,,False,,,,2192-10-14T04:51:54.703000,2192-10-14T04:51:54.703000,"Multifocal bilateral areas of heterogeneous consolidation have worsened in the interval, suggestive of a progressive multifocal pneumonia coexisting with diffuse alveolar hemorrhage. | A rounded lucency in the right upper lobe may reflect a region of spared lung parenchyma, but attention to this region on short-term followup radiograph would be helpful to exclude developing cavitation from necrotizing pneumonia."
10051043,51917464,/mnt/c/Users/Zila/Downloads/BN5212/MIMIC-CXR/p10/p10/p10051043/s51917464.txt,Edema,positive,positive|uncertain,True,,False,,,,2192-10-17T04:48:54.953000,2192-10-17T04:48:54.953000,"Some improvement may be due to decrease in edema. | Mild improvement in aeration, possibly due to decreased edema superimposed on severe bilateral heterogeneous opacification which is otherwise unchanged."
10052926,50929633,/mnt/c/Users/Zila/Downloads/BN5212/MIMIC-CXR/p10/p10/p10052926/s50929633.txt,Pneumonia,positive,positive|uncertain,True,,False,,,,2123-06-29T16:56:29.343000,2123-06-29T16:56:29.343000,"Compared with prior radiographs on ___, there is a opacity in the right lower lung, which is not substantially changed from previous radiographs, however may represent pneumonia in the appropriate clinical setting. | Right lower lung opacity is not substantially changed from priors, however may represent pneumonia in the appropriate clinical setting. | If further confirmation of pneumonia is desired, obtain oblique radiographs for further evaluation. | RECOMMENDATION(S): If further confirmation OF pneumonia is desired, recommend oblique radiographs for further evaluation."
10055361,50608704,/mnt/c/Users/Zila/Downloads/BN5212/MIMIC-CXR/p10/p10/p10055361/s50608704.txt,Edema,uncertain,uncertain,True,,False,,,,2166-09-17T03:40:52.265000,2166-09-17T03:40:52.265000,"Interval development of increased opacification in the right lower lung probably reflects asymmetric edema and a layering effusion. | Increased right lower lung opacification probably relates to interval development of asymmetric edema and a layering right effusion, less likely pneumonia."
10055361,58669595,/mnt/c/Users/Zila/Downloads/BN5212/MIMIC-CXR/p10/p10/p10055361/s58669595.txt,Pulmonary edema,uncertain,uncertain,True,,False,,,,2166-09-17T11:30:11.378000,2166-09-17T11:35:04,Right lower lobe opacity is somewhat less prominent possibly reflecting redistribution of pulmonary edema or clearing of pneumonia.
10055694,54848722,/mnt/c/Users/Zila/Downloads/BN5212/MIMIC-CXR/p10/p10/p10055694/s54848722.txt,Pulmonary edema,uncertain,uncertain,True,,False,,,,2116-10-12T10:23:13,2116-10-12T10:23:13,"Mild interstitial abnormality is probably residual of previous episodes of pulmonary edema, not an indication of acute decompensation."
10056223,50510907,/mnt/c/Users/Zila/Downloads/BN5212/MIMIC-CXR/p10/p10/p10056223/s50510907.txt,Pleural effusion,conflicting,negative|positive,True,,False,,,,2122-09-24T02:56:41.421000,2122-09-24T02:56:41.421000,There is no pleural effusion on the left lung. | New pleural effusion at the right lung.
10057005,56057364,/mnt/c/Users/Zila/Downloads/BN5212/MIMIC-CXR/p10/p10/p10057005/s56057364.txt,Aspiration pneumonia,uncertain,uncertain,True,,False,,,,2175-02-27T01:43:34.203000,2175-02-27T01:43:34.203000,"In addition, there is increasing consolidation in the retrocardiac region which would be concerning for aspiration pneumonia."
10062020,55700573,/mnt/c/Users/Zila/Downloads/BN5212/MIMIC-CXR/p10/p10/p10062020/s55700573.txt,Pneumonia,uncertain,uncertain,True,,False,,,,2113-05-27T10:10:06.703000,2113-05-27T10:10:06.703000,Coexisting abnormalities such as pneumonia cannot be excluded.
10062617,58048417,/mnt/c/Users/Zila/Downloads/BN5212/MIMIC-CXR/p10/p10/p10062617/s58048417.txt,Pneumonia,uncertain,uncertain,True,,False,,,,2121-08-13T16:07:18.312000,2121-08-13T16:07:18.312000,Retrocardiac opacity is incompletely assessed and could represent atelectasis and or pneumonia.
10062617,59986994,/mnt/c/Users/Zila/Downloads/BN5212/MIMIC-CXR/p10/p10/p10062617/s59986994.txt,Pleural effusion,uncertain,uncertain,True,,False,,,,2121-08-14T04:37:19.125000,2121-08-14T04:37:19.125000,"Overall appearance of the chest is relatively similar to the recent study except for worsening left retrocardiac opacity which probably represents a combination of small-to-moderate left pleural effusion and adjacent left lower lobe atelectasis and/or consolidation; additionally, patchy and linear opacities at the right lung base have also slightly worsened."
10063534,50088361,/mnt/c/Users/Zila/Downloads/BN5212/MIMIC-CXR/p10/p10/p10063534/s50088361.txt,Pneumonia,positive,positive|uncertain,True,,False,,,,2151-05-24T04:11:20.312000,2151-05-24T04:11:20.312000,Worsening retrocardiac opacity persists and may represent atelectasis or pneumonia in the correct clinical setting. | Left retrocardiac opacity may reflect atelectasis or pneumonia in the correct clinical setting.
10064049,57926554,/mnt/c/Users/Zila/Downloads/BN5212/MIMIC-CXR/p10/p10/p10064049/s57926554.txt,Pneumonia,uncertain,uncertain,True,,False,,,,2162-08-22T08:45:44.140000,2162-08-22T08:45:44.140000,"Bibasilar parenchymal opacities with cardiomegaly suggests underlying pulmonary edema, but cannot exclude right lung base pneumonia."
10064678,55354126,/mnt/c/Users/Zila/Downloads/BN5212/MIMIC-CXR/p10/p10/p10064678/s55354126.txt,Pleural effusion,conflicting,negative|positive,True,,False,,,,2183-06-06T18:53:43,2183-06-06T18:53:43,Frontal and lateral radiographs of the chest demonstrate a new moderate right pleural effusion with adjacent atelectasis. | There is no left pleural effusion. | New moderate right pleural effusion with new opacity in the left upper lobe which may represent pneumonia in the appropriate clinical setting.
10064678,55354126,/mnt/c/Users/Zila/Downloads/BN5212/MIMIC-CXR/p10/p10/p10064678/s55354126.txt,Pneumonia,uncertain,uncertain,True,,False,,,,2183-06-06T18:53:43,2183-06-06T18:53:43,There is a focus of opacity in the left upper lobe which is new since the prior study and may represent pneumonia in the appropriate clinical setting. | New moderate right pleural effusion with new opacity in the left upper lobe which may represent pneumonia in the appropriate clinical setting.
10064678,59792119,/mnt/c/Users/Zila/Downloads/BN5212/MIMIC-CXR/p10/p10/p10064678/s59792119.txt,Pneumonia,uncertain,uncertain,True,,False,,,,2183-06-17T19:15:51.218000,2183-06-17T19:15:51.218000,"Please note pneumonia cannot be excluded. | Bilateral pleural effusions with lower lobe consolidation is likely atelectasis, though cannot exclude pneumonia."
10065997,52040687,/mnt/c/Users/Zila/Downloads/BN5212/MIMIC-CXR/p10/p10/p10065997/s52040687.txt,Pneumonia,positive,positive|uncertain,True,,False,,,,2201-04-10T15:02:57,2201-04-10T15:02:57,A subtle area of increased opacity is present in the right infrahilar region and could potentially represent an early focus of pneumonia. | Possible early/focal pneumonia in right infrahilar region.
10067702,58493449,/mnt/c/Users/Zila/Downloads/BN5212/MIMIC-CXR/p10/p10/p10067702/s58493449.txt,Pneumonia,uncertain,uncertain,True,,False,,,,2159-03-09T10:19:39.937000,2159-03-09T10:19:39.937000,"In view of the clinical history, this could represent developing pneumonia."
10070288,56486389,/mnt/c/Users/Zila/Downloads/BN5212/MIMIC-CXR/p10/p10/p10070288/s56486389.txt,Pleural effusion,uncertain,uncertain,True,,False,,,,2188-12-25T18:27:46.828000,2188-12-25T18:27:46.828000,There is slight blunting of the posterior left costophrenic angle and a trace pleural effusion is not excluded. | Slight blunting of the posterior left costophrenic angle may relate to hyperinflation but trace pleural effusion not excluded.
10070614,58864875,/mnt/c/Users/Zila/Downloads/BN5212/MIMIC-CXR/p10/p10/p10070614/s58864875.txt,Hypertension,positive,positive|uncertain,True,,False,,,,2161-03-31T17:12:17.250000,2161-03-31T17:12:17.250000,"There is minimal interstitial prominence including upper zone redistribution of pulmonary vascularity suggestin of pulmonary venous hypertension, but not to a striking extent. | Findings suggestive of pulmonary venous hypertension without frank congestive heart failure."
10070928,56508815,/mnt/c/Users/Zila/Downloads/BN5212/MIMIC-CXR/p10/p10/p10070928/s56508815.txt,Pulmonary edema,uncertain,uncertain,True,,False,,,,2187-08-24T20:17:00.765000,2187-08-24T20:17:00.765000,"Interval progression of diffuse patchy pulmonary opacities, compatible with multifocal pneumonia - cannot exclude a component of pulmonary edema."
10071281,56760248,/mnt/c/Users/Zila/Downloads/BN5212/MIMIC-CXR/p10/p10/p10071281/s56760248.txt,Pleural effusion,conflicting,negative|positive,True,,False,,,,2158-05-12T01:12:19.828000,2158-05-12T01:12:19.828000,Interval increase in left lower lobe opacity which trace right pleural effusion. | No left pleural effusion or pneumothorax. | Increase left lower lobe opacity with trace right pleural effusion is worrisome for pneumonia or aspiration pneumonia.
10071403,51248215,/mnt/c/Users/Zila/Downloads/BN5212/MIMIC-CXR/p10/p10/p10071403/s51248215.txt,Pleural effusion,positive,positive|uncertain,True,,False,,,,2173-11-15T08:17:37.281000,2173-11-15T08:17:37.281000,Moderate left pleural effusion and probable small right pleural effusion are unchanged.
10071869,56653718,/mnt/c/Users/Zila/Downloads/BN5212/MIMIC-CXR/p10/p10/p10071869/s56653718.txt,Edema,uncertain,uncertain,True,,False,,,,2110-12-31T20:06:09.843000,2110-12-31T20:06:09.843000,"Difficult to exclude a component of edema. | Extensive bilateral pulmonary opacities concerning for multifocal pneumonia, likely with a component of edema."
10071869,56653718,/mnt/c/Users/Zila/Downloads/BN5212/MIMIC-CXR/p10/p10/p10071869/s56653718.txt,Pneumonia,uncertain,uncertain,True,,False,,,,2110-12-31T20:06:09.843000,2110-12-31T20:06:09.843000,"Extensive bilateral pulmonary opacities concerning for pneumonia. | Extensive bilateral pulmonary opacities concerning for multifocal pneumonia, likely with a component of edema."
10072153,55066102,/mnt/c/Users/Zila/Downloads/BN5212/MIMIC-CXR/p10/p10/p10072153/s55066102.txt,Pleural effusion,positive,positive|uncertain,True,,False,,,,2175-05-13T17:24:52.640000,2175-05-13T17:24:52.640000,"As compared to the previous radiograph, the pre-existing right pleural effusion has minimally increased. | Blunting of the left costophrenic sinus, so that the presence of a small pleural effusion cannot be excluded."
10072153,54655799,/mnt/c/Users/Zila/Downloads/BN5212/MIMIC-CXR/p10/p10/p10072153/s54655799.txt,Pneumonia,uncertain,uncertain,True,,False,,,,2175-05-24T12:13:48,2175-05-24T12:13:48,"Evidence of failure, basilar pneumonia not excluded."
10072264,54246115,/mnt/c/Users/Zila/Downloads/BN5212/MIMIC-CXR/p10/p10/p10072264/s54246115.txt,Pleural effusion,conflicting,negative|positive|uncertain,True,,False,,,,2157-05-12T18:36:54.796000,2157-05-12T18:36:54.796000,"Blunting of the right costophrenic angle persists, potentially reflective of a trace right pleural effusion. | No left-sided pleural effusion or pneumothorax is present. | Bibasilar atelectasis and possible trace right pleural effusion."
10074282,55129139,/mnt/c/Users/Zila/Downloads/BN5212/MIMIC-CXR/p10/p10/p10074282/s55129139.txt,Pleural effusion,uncertain,uncertain,True,,False,,,,2159-10-24T16:00:56,2159-10-24T16:05:55.046000,"Within the left lung, there is a subtle opacity at the left base which is probably due to a combination of a small pleural effusion and adjacent atelectasis as demonstrated on recent CT abdomen of ___."
10074282,56730462,/mnt/c/Users/Zila/Downloads/BN5212/MIMIC-CXR/p10/p10/p10074282/s56730462.txt,Pneumonia,uncertain,uncertain,True,,False,,,,2161-03-17T00:19:29.671000,2161-03-17T00:19:29.671000,New right lower lobe opacity concerning for pneumonia or aspiration.
10074282,51450408,/mnt/c/Users/Zila/Downloads/BN5212/MIMIC-CXR/p10/p10/p10074282/s51450408.txt,Cardiomegaly,uncertain,uncertain,True,,False,,,,2161-03-18T08:25:19.859000,2161-03-18T08:25:19.859000,Probable mild cardiomegaly.
10076526,50896827,/mnt/c/Users/Zila/Downloads/BN5212/MIMIC-CXR/p10/p10/p10076526/s50896827.txt,Pneumonia,uncertain,uncertain,True,,False,,,,2114-02-01T20:15:38.656000,2114-02-01T20:15:38.656000,"Since the prior exam, there is again noted to be extensive pulmonary airspace consolidation, slightly more confluent in the right lung, concerning for pneumonia. | Diffuse pulmonary airspace consolidation concerning for pneumonia and/or pulmonary edema."
10076526,50896827,/mnt/c/Users/Zila/Downloads/BN5212/MIMIC-CXR/p10/p10/p10076526/s50896827.txt,Pulmonary edema,positive,positive|uncertain,True,,False,,,,2114-02-01T20:15:38.656000,2114-02-01T20:15:38.656000,The possibility of pulmonary edema is also raised. | Diffuse pulmonary airspace consolidation concerning for pneumonia and/or pulmonary edema.
10078805,57630654,/mnt/c/Users/Zila/Downloads/BN5212/MIMIC-CXR/p10/p10/p10078805/s57630654.txt,Pulmonary edema,conflicting,negative|positive,True,,False,,,,2175-12-20T00:29:42.250000,2175-12-20T00:29:42.250000,Compared to the prior radiograph there has been significant improvement in pulmonary edema. | Interval resolution of pulmonary edema.
10079117,57518177,/mnt/c/Users/Zila/Downloads/BN5212/MIMIC-CXR/p10/p10/p10079117/s57518177.txt,Pneumonia,uncertain,uncertain,True,,False,,,,2207-07-04T23:12:39.843000,2207-07-04T23:12:39.843000,Opacities in the right upper or middle lobe and possibly the left lower lobe concerning for early developing pneumonia.
10079467,56978596,/mnt/c/Users/Zila/Downloads/BN5212/MIMIC-CXR/p10/p10/p10079467/s56978596.txt,Pneumonia,uncertain,uncertain,True,,False,,,,2193-07-25T05:27:35.031000,2193-07-25T05:27:35.031000,Possibly patchy opacity at the left lung base may represent early pneumonia or atelectasis.
10081045,55782574,/mnt/c/Users/Zila/Downloads/BN5212/MIMIC-CXR/p10/p10/p10081045/s55782574.txt,Pneumonia,positive,positive|uncertain,True,,False,,,,2164-04-06T13:10:35,2164-04-06T13:10:35,Increased retrocardiac opacity is concerning for left lower lobe pneumonia. | Left lower lobe pneumonia.
10081525,58356313,/mnt/c/Users/Zila/Downloads/BN5212/MIMIC-CXR/p10/p10/p10081525/s58356313.txt,Fractures,conflicting,negative|positive,True,,False,,,,2148-02-20T12:23:19,2148-02-20T12:23:19,There is no evidence of new changes in the previously described rib fractures and on the frontal view can identify several non-displaced rib fractures.
10082014,54290113,/mnt/c/Users/Zila/Downloads/BN5212/MIMIC-CXR/p10/p10/p10082014/s54290113.txt,Pneumonia,uncertain,uncertain,True,,False,,,,2185-08-30T11:38:20,2185-08-30T11:47:33.831000,Superimposed pneumonia cannot be excluded.
10083754,55837751,/mnt/c/Users/Zila/Downloads/BN5212/MIMIC-CXR/p10/p10/p10083754/s55837751.txt,Fever,uncertain,uncertain,True,,False,,,,2129-06-13T11:14:51.546000,2129-06-13T11:14:51.546000,"In comparison to ___ radiograph, a new poorly defined area of consolidation at the right lung base is suspicious for pneumonia in the setting of fever and neutropenia."
10083754,55837751,/mnt/c/Users/Zila/Downloads/BN5212/MIMIC-CXR/p10/p10/p10083754/s55837751.txt,Neutropenia,uncertain,uncertain,True,,False,,,,2129-06-13T11:14:51.546000,2129-06-13T11:14:51.546000,"In comparison to ___ radiograph, a new poorly defined area of consolidation at the right lung base is suspicious for pneumonia in the setting of fever and neutropenia."
10083754,55837751,/mnt/c/Users/Zila/Downloads/BN5212/MIMIC-CXR/p10/p10/p10083754/s55837751.txt,Pneumonia,uncertain,uncertain,True,,False,,,,2129-06-13T11:14:51.546000,2129-06-13T11:14:51.546000,"In comparison to ___ radiograph, a new poorly defined area of consolidation at the right lung base is suspicious for pneumonia in the setting of fever and neutropenia."
10086390,54232849,/mnt/c/Users/Zila/Downloads/BN5212/MIMIC-CXR/p10/p10/p10086390/s54232849.txt,Pneumonia,uncertain,uncertain,True,,False,,,,2184-12-23T22:16:12.296000,2184-12-23T22:16:12.296000,"Hazy opacification in the right lung base, is concerning for pneumonia. | Bilateral pleural effusions, with associated basal consolidations, suggestive of pneumonia."
10089085,53475993,/mnt/c/Users/Zila/Downloads/BN5212/MIMIC-CXR/p10/p10/p10089085/s53475993.txt,Pneumonia,uncertain,uncertain,True,,False,,,,2117-07-16T10:22:57,2117-07-16T10:22:57,Multilobar bilateral opacities concerning for pneumonia.
10090257,55957078,/mnt/c/Users/Zila/Downloads/BN5212/MIMIC-CXR/p10/p10/p10090257/s55957078.txt,Bronchitis,uncertain,uncertain,True,,False,,,,2160-12-15T00:24:05.968000,2160-12-15T00:24:05.968000,"Possible left lower lobe bronchitis, less likely mild pneumonia."
10090257,55957078,/mnt/c/Users/Zila/Downloads/BN5212/MIMIC-CXR/p10/p10/p10090257/s55957078.txt,Pneumonia,positive,positive|uncertain,True,,False,,,,2160-12-15T00:24:05.968000,2160-12-15T00:24:05.968000,"Peribronchial opacification in the left lower lobe is more likely due to bronchial inflammation than pneumonia. | Possible left lower lobe bronchitis, less likely mild pneumonia."
10092009,54791790,/mnt/c/Users/Zila/Downloads/BN5212/MIMIC-CXR/p10/p10/p10092009/s54791790.txt,Pneumonia,uncertain,uncertain,True,,False,,,,2142-11-20T13:22:07.937000,2142-11-20T13:22:07.937000,"Left basilar opacity, probably in the left lower lobe, suggesting pneumonia, atelectasis or potentially aspiration; potentially with loculated pleural effusion but not well delineated."
10093425,59189960,/mnt/c/Users/Zila/Downloads/BN5212/MIMIC-CXR/p10/p10/p10093425/s59189960.txt,Sarcoidosis,uncertain,uncertain,True,,False,,,,2159-03-01T16:50:26,2159-03-01T16:50:26,"Bilateral hilar prominence is concerning for lymphadenopathy in the setting of clinical suspicion for sarcoidosis. | Bilateral hilar prominence, concerning for hilar lymphadenopathy in the setting of clinical suspicion for sarcoidosis."
10094706,51681931,/mnt/c/Users/Zila/Downloads/BN5212/MIMIC-CXR/p10/p10/p10094706/s51681931.txt,Pneumonia,uncertain,uncertain,True,,False,,,,2125-04-13T14:39:49,2125-04-13T14:39:49,The morphology of the opacity is strongly suggestive of pneumonia.
10095286,54805682,/mnt/c/Users/Zila/Downloads/BN5212/MIMIC-CXR/p10/p10/p10095286/s54805682.txt,Pleural effusion,uncertain,uncertain,True,,False,,,,2136-02-23T05:54:50.843000,2136-02-23T05:54:50.843000,"Haziness is seen in the right upper lung, which has an convex margin inferiorly and may represent loculated pleural effusion. | Haziness in the right upper lung, which may represent loculated pleural effusion."
10096391,54848668,/mnt/c/Users/Zila/Downloads/BN5212/MIMIC-CXR/p10/p10/p10096391/s54848668.txt,Pneumonia,uncertain,uncertain,True,,False,,,,2145-07-10T17:52:54,2145-07-10T17:52:54,"This was probably due to either atypical atypical interstitial pneumonia or pulmonary edema, in the setting of moderately severe emphysema."
10096391,54848668,/mnt/c/Users/Zila/Downloads/BN5212/MIMIC-CXR/p10/p10/p10096391/s54848668.txt,Pulmonary edema,uncertain,uncertain,True,,False,,,,2145-07-10T17:52:54,2145-07-10T17:52:54,"This was probably due to either atypical atypical interstitial pneumonia or pulmonary edema, in the setting of moderately severe emphysema."
10097232,51834590,/mnt/c/Users/Zila/Downloads/BN5212/MIMIC-CXR/p10/p10/p10097232/s51834590.txt,Pleural effusion,uncertain,uncertain,True,,False,,,,2170-07-28T21:42:36.812000,2170-07-28T21:42:36.812000,There is probably a small left pleural effusion.
10097232,51834590,/mnt/c/Users/Zila/Downloads/BN5212/MIMIC-CXR/p10/p10/p10097232/s51834590.txt,Pneumonia,positive,positive|uncertain,True,,False,,,,2170-07-28T21:42:36.812000,2170-07-28T21:42:36.812000,"Given clinical history, findings are concerning for multifocal pneumonia. | Multifocal pneumonia."
10097232,55995712,/mnt/c/Users/Zila/Downloads/BN5212/MIMIC-CXR/p10/p10/p10097232/s55995712.txt,Pneumonia,positive,positive|uncertain,True,,False,,,,2170-07-29T04:00:25.906000,2170-07-29T04:00:25.906000,"Bilateral multifocal opacities predominantly in the lower lungs concerning for pneumonia, unchanged since yesterday. | Multifocal pneumonia, unchanged over last 24 hours."
10098008,54267692,/mnt/c/Users/Zila/Downloads/BN5212/MIMIC-CXR/p10/p10/p10098008/s54267692.txt,Pneumonia,conflicting,negative|positive,True,,False,,,,2128-06-25T18:47:17.718000,2128-06-25T18:47:17.718000,"The symmetry of the changes would favor pulmonary edema rather than pneumonia. | However, no other signs suggesting pulmonary edema are present so that bilateral pneumonia should be considered."
10098008,54267692,/mnt/c/Users/Zila/Downloads/BN5212/MIMIC-CXR/p10/p10/p10098008/s54267692.txt,Pulmonary edema,conflicting,negative|positive,True,,False,,,,2128-06-25T18:47:17.718000,2128-06-25T18:47:17.718000,"The symmetry of the changes would favor pulmonary edema rather than pneumonia. | However, no other signs suggesting pulmonary edema are present so that bilateral pneumonia should be considered."
10098672,53441621,/mnt/c/Users/Zila/Downloads/BN5212/MIMIC-CXR/p10/p10/p10098672/s53441621.txt,Pneumonia,positive,positive|uncertain,True,,False,,,,2141-06-30T00:36:08.968000,2141-06-30T00:36:08.968000,"PA and lateral images of the chest demonstrate a retrocardiac opacity that is consistent with a lower lobe pneumonia. | This opacity is not seen on frontal exam, so it is unclear which side the pneumonia is on. | Retrocardiac opacity concerning for lower lobe pneumonia."
10100177,59248519,/mnt/c/Users/Zila/Downloads/BN5212/MIMIC-CXR/p10/p10/p10100177/s59248519.txt,Pulmonary hypertension,uncertain,uncertain,True,,False,,,,2189-02-02T18:13:13.046000,2189-02-02T18:13:13.046000,Prominence of the main pulmonary artery contour is concerning for underlying pulmonary hypertension.
10101282,58226723,/mnt/c/Users/Zila/Downloads/BN5212/MIMIC-CXR/p10/p10/p10101282/s58226723.txt,Pleural effusion,conflicting,negative|positive,True,,False,,,,2159-08-26T02:28:18.187000,2159-08-26T02:28:18.187000,Small right pleural effusion is again noted. | No pleural effusion on the left.
10101518,56571877,/mnt/c/Users/Zila/Downloads/BN5212/MIMIC-CXR/p10/p10/p10101518/s56571877.txt,Pneumonia,positive,positive|uncertain,True,,False,,,,2168-05-12T15:17:39.734000,2168-05-12T15:17:39.734000,"There are patchy opacities in the left lower lobe suggestive of pneumonia in the appropriate setting, including a nodular component of opacification. | Left basilar opacity worrisome for pneumonia, but including a nodular component."
10103748,55934580,/mnt/c/Users/Zila/Downloads/BN5212/MIMIC-CXR/p10/p10/p10103748/s55934580.txt,Pneumonia,uncertain,uncertain,True,,False,,,,2130-09-18T19:55:08.125000,2130-09-18T19:55:08.125000,"Consolidation in the right upper lobe has not worsened, but needs to be followed as possible pneumonia."
10103748,59333384,/mnt/c/Users/Zila/Downloads/BN5212/MIMIC-CXR/p10/p10/p10103748/s59333384.txt,Edema,positive,positive|uncertain,True,,False,,,,2130-12-18T16:31:18.593000,2130-12-18T16:31:18.593000,"Focal parenchymal opacities again noted at the right base and appears stable, representing either pneumonia or asymmetric edema. | Again noted is moderate pulmonary edema with a right basilar opacity which may represent pneumonia or asymmetric edema."
10103748,59333384,/mnt/c/Users/Zila/Downloads/BN5212/MIMIC-CXR/p10/p10/p10103748/s59333384.txt,Pneumonia,positive,positive|uncertain,True,,False,,,,2130-12-18T16:31:18.593000,2130-12-18T16:31:18.593000,"Focal parenchymal opacities again noted at the right base and appears stable, representing either pneumonia or asymmetric edema. | Again noted is moderate pulmonary edema with a right basilar opacity which may represent pneumonia or asymmetric edema."
10104730,58014007,/mnt/c/Users/Zila/Downloads/BN5212/MIMIC-CXR/p10/p10/p10104730/s58014007.txt,Pleural effusion,conflicting,negative|positive|uncertain,True,,False,,,,2179-12-16T17:46:21.015000,2179-12-16T17:46:21.015000,"There is blunting of the posterior left costophrenic angle concerning for a left pleural effusion. | No right pleural effusion is seen. | Left base retrocardiac opacity may be represent combination of pleural effusion and atelectasis, however, underlying consolidation is difficult to exclude. | Left pleural effusion."
10104732,53497865,/mnt/c/Users/Zila/Downloads/BN5212/MIMIC-CXR/p10/p10/p10104732/s53497865.txt,Pneumonia,uncertain,uncertain,True,,False,,,,2184-08-11T04:07:54.703000,2184-08-11T04:07:54.703000,"There is increasing opacification in the retrocardiac region, concerning for pneumonia in view of the clinical history."
10106890,58740092,/mnt/c/Users/Zila/Downloads/BN5212/MIMIC-CXR/p10/p10/p10106890/s58740092.txt,Pulmonary embolism,conflicting,negative|positive,True,,False,,,,2180-12-05T14:45:12,2180-12-05T14:45:12,"No findings to suggest pulmonary embolism. | If concern for pulmonary embolism persist, consider chest CTA for further evaluation."
10106899,57131579,/mnt/c/Users/Zila/Downloads/BN5212/MIMIC-CXR/p10/p10/p10106899/s57131579.txt,Pneumonia,positive,positive|uncertain,True,,False,,,,2178-07-25T08:18:23.734000,2178-07-25T08:18:23.734000,There is a possibility that there an underlying pneumonia hidden by the pleural effusion and pulmonary edema. | Recommend followup chest imaging to rule out pneumonia after pulmonary edema has cleared.
10106899,57131579,/mnt/c/Users/Zila/Downloads/BN5212/MIMIC-CXR/p10/p10/p10106899/s57131579.txt,Pulmonary edema,conflicting,negative|positive,True,,False,,,,2178-07-25T08:18:23.734000,2178-07-25T08:18:23.734000,Pulmonary vasculature is less dilated and there is less pulmonary edema than on prior exam. | There is a possibility that there an underlying pneumonia hidden by the pleural effusion and pulmonary edema. | Improving pulmonary edema. | Recommend followup chest imaging to rule out pneumonia after pulmonary edema has cleared.
10109899,56650301,/mnt/c/Users/Zila/Downloads/BN5212/MIMIC-CXR/p10/p10/p10109899/s56650301.txt,Pneumonia,uncertain,uncertain,True,,False,,,,2162-07-16T09:39:02,2162-07-16T09:39:02,A new focal opacity is seen the overlying the right lung base suggestive of a developing pneumonia. | Findings concerning for focal right basilar pneumonia in the appropriate clinical setting.
10110843,52187616,/mnt/c/Users/Zila/Downloads/BN5212/MIMIC-CXR/p10/p10/p10110843/s52187616.txt,Pneumonia,uncertain,uncertain,True,,False,,,,2163-02-07T15:57:36.781000,2163-02-07T15:57:36.781000,"There a new bibasal consolidations, concerning for bilateral aspiration or bibasal pneumonia."
10111112,58755401,/mnt/c/Users/Zila/Downloads/BN5212/MIMIC-CXR/p10/p10/p10111112/s58755401.txt,Pleural effusion,conflicting,negative|positive,True,,False,,,,2150-08-28T12:35:09,2150-08-28T12:35:09,Chronic moderate left pleural effusion slightly smaller today compared to ___. | No right pleural effusion.
10111614,57147208,/mnt/c/Users/Zila/Downloads/BN5212/MIMIC-CXR/p10/p10/p10111614/s57147208.txt,Bronchiectasis,uncertain,uncertain,True,,False,,,,2171-12-05T15:18:54,2171-12-05T15:18:54,"While this could represent a increase in the patient's known fibrosis and traction bronchiectasis, an overlying infectious process should be considered in the correct clinical setting."
10111614,57593257,/mnt/c/Users/Zila/Downloads/BN5212/MIMIC-CXR/p10/p10/p10111614/s57593257.txt,Pneumonia,uncertain,uncertain,True,,False,,,,2174-10-19T14:29:00.068000,2174-10-19T14:29:00.068000,"Given the extensive interstitial changes, it would be extremely difficult to exclude superimposed acute pneumonia in the appropriate clinical setting."
10112548,50299682,/mnt/c/Users/Zila/Downloads/BN5212/MIMIC-CXR/p10/p10/p10112548/s50299682.txt,Pleural effusion,conflicting,negative|positive,True,,False,,,,2118-07-02T22:56:54.937000,2118-07-02T22:56:54.937000,No definite pleural effusion is seen although a trace left pleural effusion will be difficult to exclude.
10115182,51406842,/mnt/c/Users/Zila/Downloads/BN5212/MIMIC-CXR/p10/p10/p10115182/s51406842.txt,Pleural effusion,conflicting,negative|positive,True,,False,,,,2187-10-05T21:40:19.343000,2187-10-05T21:40:19.343000,There is a trace right pleural effusion. | No left pleural effusion or pneumothorax. | Trace right pleural effusion.
10115182,56048936,/mnt/c/Users/Zila/Downloads/BN5212/MIMIC-CXR/p10/p10/p10115182/s56048936.txt,Pleural effusion,conflicting,negative|positive,True,,False,,,,2187-10-10T14:07:02.234000,2187-10-10T14:07:02.234000,Small right pleural effusion persists. | No left pleural effusion is seen. | Persistent small right pleural effusion.
10115397,52621553,/mnt/c/Users/Zila/Downloads/BN5212/MIMIC-CXR/p10/p10/p10115397/s52621553.txt,Pleural effusion,positive,positive|uncertain,True,,False,,,,2133-01-10T08:45:47.468000,2133-01-10T08:45:47.468000,"Bibasilar opacities, denser in the left lung base are probably due to the bibasilar pleural effusion, larger to the left. | New moderate pulmonary edema with central vein distention, moderate cardiomegaly and bibasilar pleural effusion, larger to the left."
10117273,51763901,/mnt/c/Users/Zila/Downloads/BN5212/MIMIC-CXR/p10/p10/p10117273/s51763901.txt,Pneumonia,uncertain,uncertain,True,,False,,,,2184-08-21T21:48:32.718000,2184-08-21T21:48:32.718000,Left lower lobe opacification is probably atelectasis though pneumonia is not excluded and small to moderate bilateral pleural effusions are present and probably increased since ___.
10119992,56689718,/mnt/c/Users/Zila/Downloads/BN5212/MIMIC-CXR/p10/p10/p10119992/s56689718.txt,Pleural effusion,positive,positive|uncertain,True,,False,,,,2149-01-13T21:08:41,2149-01-13T21:08:41,"There is small left pleural effusion, improved. | Possible trace right pleural effusion."
10119992,56493680,/mnt/c/Users/Zila/Downloads/BN5212/MIMIC-CXR/p10/p10/p10119992/s56493680.txt,Pleural effusion,conflicting,negative|positive,True,,False,,,,2149-01-20T11:44:32.203000,2149-01-20T11:48:05,There is no interval increase in pleural effusion or development of pneumothorax. | Previously seen small to moderate amount of left pleural effusion is unchanged.
10121003,58954121,/mnt/c/Users/Zila/Downloads/BN5212/MIMIC-CXR/p10/p10/p10121003/s58954121.txt,Pneumonia,uncertain,uncertain,True,,False,,,,2155-09-08T14:01:19.093000,2155-09-08T14:01:19.093000,"Although most likely reflecting atelectasis and possible small effusion, the possibility of superimposed pneumonia would have to be considered in the appropriate clinical setting."
10121316,59871357,/mnt/c/Users/Zila/Downloads/BN5212/MIMIC-CXR/p10/p10/p10121316/s59871357.txt,Pneumonia,uncertain,uncertain,True,,False,,,,2156-09-26T06:55:10.109000,2156-09-26T06:55:10.109000,"Bibasilar lung opacity, concerning for pneumonia in the correct clinical setting."
10122589,58130669,/mnt/c/Users/Zila/Downloads/BN5212/MIMIC-CXR/p10/p10/p10122589/s58130669.txt,Pleural effusion,uncertain,uncertain,True,,False,,,,2180-04-07T12:16:43.609000,2180-04-07T12:16:43.609000,"There is also significant irregular pleural thickening in the right apex, possibly secondary to layering pleural effusion. | Significant left apical density may represent a loculated pleural effusion versus a mass."
10123147,53075343,/mnt/c/Users/Zila/Downloads/BN5212/MIMIC-CXR/p10/p10/p10123147/s53075343.txt,Edema,uncertain,uncertain,True,,False,,,,2155-11-16T15:25:19.343000,2155-11-16T15:25:19.343000,"On a background of mild pulmonary edema, multifocal bilateral airspace opacifications may represent alveolar edema versus multifocal pneumonia."
10123147,51322534,/mnt/c/Users/Zila/Downloads/BN5212/MIMIC-CXR/p10/p10/p10123147/s51322534.txt,Pneumonia,positive,positive|uncertain,True,,False,,,,2155-11-17T04:55:08.843000,2155-11-17T04:55:08.843000,There is a new opacity in the right lower lung suggesting aspiration or pneumonia. | New opacity at the right lower lung may represent aspiration or pneumonia.
10123949,59850826,/mnt/c/Users/Zila/Downloads/BN5212/MIMIC-CXR/p10/p10/p10123949/s59850826.txt,Pleural effusion,conflicting,negative|positive,True,,False,,,,2182-12-05T05:04:19.875000,2182-12-05T05:04:19.875000,The previous left pleural effusion has mostly resolved. | Nearly completely resolved left pleural effusion.
10123949,53937252,/mnt/c/Users/Zila/Downloads/BN5212/MIMIC-CXR/p10/p10/p10123949/s53937252.txt,Pneumonia,positive,positive|uncertain,True,,False,,,,2182-12-20T08:50:13.453000,2182-12-20T08:51:14,"Peribronchial opacification in the right upper lobe may be pneumonia. | Possible interstitial edema and possible right pneumonia, best evaluated with repeat erect views, conventional if possible, as soon as feasible."
10123997,50650724,/mnt/c/Users/Zila/Downloads/BN5212/MIMIC-CXR/p10/p10/p10123997/s50650724.txt,Pleural effusion,conflicting,negative|positive,True,,False,,,,2195-10-05T11:41:00.515000,2195-10-05T11:41:00.515000,The left pleural effusion has significantly decreased in size. | A small pleural effusion persists. | There is no right pleural effusion. | Interval decrease in size of the left pleural effusion.
10124825,58657160,/mnt/c/Users/Zila/Downloads/BN5212/MIMIC-CXR/p10/p10/p10124825/s58657160.txt,Pneumonia,uncertain,uncertain,True,,False,,,,2123-03-06T00:57:00.203000,2123-03-06T00:57:00.203000,"Diffuse bilateral opacities with hazy pulmonary vasculature likely represents pulmonary edema; however, concurrent pneumonia cannot be excluded."
10125888,57430364,/mnt/c/Users/Zila/Downloads/BN5212/MIMIC-CXR/p10/p10/p10125888/s57430364.txt,Pleural effusion,positive,positive|uncertain,True,,False,,,,2168-10-22T16:31:30,2168-10-22T16:31:30,"Contours are partly obscured by opacification of the entire right lower lobe with volume loss and a pleural effusion. | There is possibly a trace pleural effusion on the left, but not substantial. | Opacification of the right lower lobe with mild volume loss and a pleural effusion, probably at least small-to-moderate in size, although difficult to quantify."
10127132,58215326,/mnt/c/Users/Zila/Downloads/BN5212/MIMIC-CXR/p10/p10/p10127132/s58215326.txt,Pneumonia,uncertain,uncertain,True,,False,,,,2164-11-28T16:58:13.203000,2164-11-28T16:58:13.203000,Possible right middle lobe pneumonia.
10127517,56251895,/mnt/c/Users/Zila/Downloads/BN5212/MIMIC-CXR/p10/p10/p10127517/s56251895.txt,Pulmonary edema,uncertain,uncertain,True,,False,,,,2183-01-30T16:32:33.968000,2183-01-30T16:32:33.968000,There is probable mild pulmonary edema. | Findings concerning for pulmonary edema with bilateral pleural effusions appearing slightly increased from prior study.
10129384,50190940,/mnt/c/Users/Zila/Downloads/BN5212/MIMIC-CXR/p10/p10/p10129384/s50190940.txt,Pneumonia,uncertain,uncertain,True,,False,,,,2161-10-17T23:48:28.953000,2161-10-17T23:48:28.953000,"There is increased opacification at the right lung base, concerning for pneumonia. | Right basilar opacity concerning for pneumonia."
10129815,52901287,/mnt/c/Users/Zila/Downloads/BN5212/MIMIC-CXR/p10/p10/p10129815/s52901287.txt,Pneumonia,positive,positive|uncertain,True,,False,,,,2138-04-03T01:33:34.109000,2138-04-03T01:33:34.109000,"New poorly defined right juxta-hilar opacity, possibly due to an early/focal pneumonia given clinical suspicion for pneumonia. | Management recommendation for this finding is treatment for pneumonia with short-term followup radiographs."
10130585,57614018,/mnt/c/Users/Zila/Downloads/BN5212/MIMIC-CXR/p10/p10/p10130585/s57614018.txt,Pneumonia,uncertain,uncertain,True,,False,,,,2151-01-24T17:23:13.093000,2151-01-24T17:23:13.093000,"Patchy retrocardiac opacity, probably due to atelectasis, but other etiologies including aspiration or pneumonia are not excluded by this examination."
10132365,57681077,/mnt/c/Users/Zila/Downloads/BN5212/MIMIC-CXR/p10/p10/p10132365/s57681077.txt,Bronchitis,uncertain,uncertain,True,,False,,,,2180-02-19T12:05:31.421000,2180-02-19T12:05:31.421000,Findings consistent with right lower lobe pneumonia on the setting of right lower lobe bronchiectasis and peribronchial thickening suggestive of bronchitis.
10132365,52576637,/mnt/c/Users/Zila/Downloads/BN5212/MIMIC-CXR/p10/p10/p10132365/s52576637.txt,Pneumonia,conflicting,negative|positive,True,,False,,,,2180-02-27T15:49:07,2180-02-27T15:49:07,"In comparison with the study of ___, there has been essentially complete clearing of the patchy pneumonia at the right base. | No evidence of acute pneumonia or vascular congestion."
10136619,55114835,/mnt/c/Users/Zila/Downloads/BN5212/MIMIC-CXR/p10/p10/p10136619/s55114835.txt,Pulmonary edema,positive,positive|uncertain,True,,False,,,,2141-01-16T13:50:50.796000,2141-01-16T13:50:50.796000,"There are diffuse alveolar opacities, with vascular indistinctness suggestive of moderate pulmonary edema. | Diffuse alveolar opacities bilaterally, which could reflect moderate pulmonary edema, though atypical infection should be considered."
10136781,51621886,/mnt/c/Users/Zila/Downloads/BN5212/MIMIC-CXR/p10/p10/p10136781/s51621886.txt,Pneumonia,uncertain,uncertain,True,,False,,,,2162-09-29T14:38:41.343000,2162-09-29T14:38:41.343000,Greater coalescence of consolidation in both the right mid and lower lung zones could be progressive atelectasis but is more concerning for pneumonia.
10137100,52964568,/mnt/c/Users/Zila/Downloads/BN5212/MIMIC-CXR/p10/p10/p10137100/s52964568.txt,Pneumonia,positive,positive|uncertain,True,,False,,,,2126-10-17T14:58:57,2126-10-17T14:58:57,"There is an area of consolidation in the right perihilar region, concerning for pneumonia. | Consolidation of a portion of the anterior segment of RUL and lateral RML, compatible with pneumonia."
10137553,54058594,/mnt/c/Users/Zila/Downloads/BN5212/MIMIC-CXR/p10/p10/p10137553/s54058594.txt,Pneumonia,uncertain,uncertain,True,,False,,,,2137-01-21T17:20:27.281000,2137-01-21T17:20:27.281000,There is a subtle retrocardiac opacity which in the correct clinical setting may represent an early pneumonia. | Possible early pneumonia in the left lower lobe.
10139117,51389018,/mnt/c/Users/Zila/Downloads/BN5212/MIMIC-CXR/p10/p10/p10139117/s51389018.txt,Pneumonia,uncertain,uncertain,True,,False,,,,2157-03-11T16:29:33,2157-03-11T16:29:33,The of distribution and morphology of the opacities is highly suggestive of multifocal pneumonia.
10139117,58434990,/mnt/c/Users/Zila/Downloads/BN5212/MIMIC-CXR/p10/p10/p10139117/s58434990.txt,Pneumonia,uncertain,uncertain,True,,False,,,,2157-03-15T17:09:11.015000,2157-03-15T17:09:11.015000,Worsened peripheral areas of consolidation in the periphery of the right mid and lower lung are concerning for evolving pneumonia in the appropriate clinical setting.
10140467,53583626,/mnt/c/Users/Zila/Downloads/BN5212/MIMIC-CXR/p10/p10/p10140467/s53583626.txt,Pneumonia,conflicting,negative|positive,True,,False,,,,2121-01-14T12:25:10,2121-01-14T12:25:10,No opacities concerning for pneumonia or pulmonary edema. | Pneumonia/pulmonary edema.
10140467,53583626,/mnt/c/Users/Zila/Downloads/BN5212/MIMIC-CXR/p10/p10/p10140467/s53583626.txt,Pulmonary edema,conflicting,negative|positive,True,,False,,,,2121-01-14T12:25:10,2121-01-14T12:25:10,No opacities concerning for pneumonia or pulmonary edema. | Pneumonia/pulmonary edema.
10141364,57510032,/mnt/c/Users/Zila/Downloads/BN5212/MIMIC-CXR/p10/p10/p10141364/s57510032.txt,Pneumonia,uncertain,uncertain,True,,False,,,,2125-07-24T08:13:54,2125-07-24T08:13:54,Extensive right lung opacification and patchy left basilar opacity concerning for multifocal pneumonia.
10141364,58570511,/mnt/c/Users/Zila/Downloads/BN5212/MIMIC-CXR/p10/p10/p10141364/s58570511.txt,Pleural effusion,uncertain,uncertain,True,,False,,,,2125-07-29T11:59:15.484000,2125-07-29T11:59:15.484000,The presence of a small left pleural effusion cannot be excluded.
10141364,54003357,/mnt/c/Users/Zila/Downloads/BN5212/MIMIC-CXR/p10/p10/p10141364/s54003357.txt,Pleural effusion,conflicting,negative|positive,True,,False,,,,2125-08-06T02:52:54.812000,2125-08-06T02:52:54.812000,There is no appreciable pleural effusion. | Pleural effusion is small if any.
10141505,55651419,/mnt/c/Users/Zila/Downloads/BN5212/MIMIC-CXR/p10/p10/p10141505/s55651419.txt,Scoliosis,uncertain,uncertain,True,,False,,,,2204-06-02T22:41:19,2204-06-02T22:41:19,"A chest CT performed in ___ demonstrated no evidence of a right hilar mass, and the observed asymmetry is probably due to a combination of a slight rotation related to mild scoliosis and a prominent pulmonary vascularity."
10141559,57909972,/mnt/c/Users/Zila/Downloads/BN5212/MIMIC-CXR/p10/p10/p10141559/s57909972.txt,Heart failure,uncertain,uncertain,True,,False,,,,2159-07-06T04:41:05.453000,2159-07-06T04:41:05.453000,"Interval increase in mild cardiomegaly with mild pulmonary edema, suggestive of heart failure."
10141577,59612313,/mnt/c/Users/Zila/Downloads/BN5212/MIMIC-CXR/p10/p10/p10141577/s59612313.txt,Pleural effusion,conflicting,negative|positive,True,,False,,,,2169-08-07T02:44:33.437000,2169-08-07T02:44:33.437000,"There is no pneumothorax or right pleural effusion. | Diagnostic considerations include pneumonia with pleural effusion, post-pericardiotomy syndrome, airway obstruction and diaphragmatic paralysis, though this is less likely given the normal position of the colonic and gastric air bubbles."
10143015,51845274,/mnt/c/Users/Zila/Downloads/BN5212/MIMIC-CXR/p10/p10/p10143015/s51845274.txt,Edema,uncertain,uncertain,True,,False,,,,2145-04-19T18:15:33.968000,2145-04-19T18:15:33.968000,Findings could represent superimposed asymmetric edema versus infection.
10146602,56299651,/mnt/c/Users/Zila/Downloads/BN5212/MIMIC-CXR/p10/p10/p10146602/s56299651.txt,Pleural effusion,conflicting,negative|positive,True,,False,,,,2185-01-13T01:30:09.453000,2185-01-13T01:30:09.453000,There has been interval resolution of the right-sided pleural effusion. | The left-sided pleural effusion persistent.
10146782,57345772,/mnt/c/Users/Zila/Downloads/BN5212/MIMIC-CXR/p10/p10/p10146782/s57345772.txt,Pneumonia,uncertain,uncertain,True,,False,,,,2163-10-31T14:31:17.765000,2163-10-31T14:31:17.765000,"Increased opacity in the right middle lobe, more conspicuous on the frontal exam and potentially due to atelectasis; however, underlying pneumonia is not excluded."
10146782,57177786,/mnt/c/Users/Zila/Downloads/BN5212/MIMIC-CXR/p10/p10/p10146782/s57177786.txt,Pneumonia,uncertain,uncertain,True,,False,,,,2164-09-26T22:23:38.640000,2164-09-26T22:23:38.640000,Patchy right mid and left lower lung opacities concerning for pneumonia.
10148417,55128600,/mnt/c/Users/Zila/Downloads/BN5212/MIMIC-CXR/p10/p10/p10148417/s55128600.txt,Pneumonia,uncertain,uncertain,True,,False,,,,2197-10-14T08:05:12.390000,2197-10-14T08:05:12.390000,There are again seen diffuse airspace opacities throughout both lung fields which may represent pneumonia versus ARDS.
10148417,56219492,/mnt/c/Users/Zila/Downloads/BN5212/MIMIC-CXR/p10/p10/p10148417/s56219492.txt,Edema,uncertain,uncertain,True,,False,,,,2197-10-17T03:06:10.781000,2197-10-17T03:06:10.781000,"Bilateral multifocal lung opacities on the background of lung fibrosis have worsened in the right upper lung and likely reflect multifocal pneumonia; however, a component of edema is possible."
10148417,59848740,/mnt/c/Users/Zila/Downloads/BN5212/MIMIC-CXR/p10/p10/p10148417/s59848740.txt,Pulmonary fibrosis,positive,positive|uncertain,True,,False,,,,2197-10-24T01:28:49.937000,2197-10-24T01:28:49.937000,"There has been very little change in the appearance of the lungs in this patient with severe pulmonary fibrosis over the course of this hospitalization, probably a function of either concurrent pneumonia or acceleration of pulmonary fibrosis."
10149287,51338925,/mnt/c/Users/Zila/Downloads/BN5212/MIMIC-CXR/p10/p10/p10149287/s51338925.txt,Hemangioma,uncertain,uncertain,True,,False,,,,2183-10-13T14:57:13,2183-10-13T14:57:13,"3.2 x 2.2 cm calcified mass, likely benign given its stability since ___, in the posterior right hepatic lobe is possibly a calcified hemangioma, echinococcal cyst, or old abscess cavity."
10149287,53193517,/mnt/c/Users/Zila/Downloads/BN5212/MIMIC-CXR/p10/p10/p10149287/s53193517.txt,Pleural effusion,conflicting,negative|positive,True,,False,,,,2183-11-10T12:26:05,2183-11-10T12:26:05,"Small right pleural effusion is new or increased, partially obscuring the right lung base. | There is no left pleural effusion."
10149498,54680745,/mnt/c/Users/Zila/Downloads/BN5212/MIMIC-CXR/p10/p10/p10149498/s54680745.txt,Pneumonia,uncertain,uncertain,True,,False,,,,2177-12-16T11:06:01,2177-12-16T11:06:01,"There are patchy opacities at bilateral lower lobes, increased from ___, concerning for progression of pneumonia."
10150279,58104553,/mnt/c/Users/Zila/Downloads/BN5212/MIMIC-CXR/p10/p10/p10150279/s58104553.txt,Pleural effusion,uncertain,uncertain,True,,False,,,,2143-09-08T08:26:08.578000,2143-09-08T08:26:08.578000,"As compared to the previous radiograph, the lung volumes have substantially decreased, the presence of a small right pleural effusion cannot be excluded."
10150279,52921861,/mnt/c/Users/Zila/Downloads/BN5212/MIMIC-CXR/p10/p10/p10150279/s52921861.txt,Edema,uncertain,uncertain,True,,False,,,,2145-01-19T16:03:45.734000,2145-01-19T16:03:45.734000,Prominence of the right hilar region could represent central edema.
10150911,51447314,/mnt/c/Users/Zila/Downloads/BN5212/MIMIC-CXR/p10/p10/p10150911/s51447314.txt,Hemorrhage,positive,positive|uncertain,True,,False,,,,2158-10-21T16:38:07.500000,2158-10-21T16:38:07.500000,"There are extensive bilateral interstitial opacities, which may be due to severe edema, aspiration and possibly pulmonary hemorrhage. | Extensive bilateral interstitial and possibly airspace opacities may be due to severe pulmonary edema, though underlying aspiration, pulmonary hemorrhage or even infection not excluded."
10150911,51447314,/mnt/c/Users/Zila/Downloads/BN5212/MIMIC-CXR/p10/p10/p10150911/s51447314.txt,Pulmonary edema,uncertain,uncertain,True,,False,,,,2158-10-21T16:38:07.500000,2158-10-21T16:38:07.500000,"Extensive bilateral interstitial and possibly airspace opacities may be due to severe pulmonary edema, though underlying aspiration, pulmonary hemorrhage or even infection not excluded."
10151556,59550633,/mnt/c/Users/Zila/Downloads/BN5212/MIMIC-CXR/p10/p10/p10151556/s59550633.txt,Pulmonary edema,uncertain,uncertain,True,,False,,,,2184-02-08T03:49:13.078000,2184-02-08T03:49:13.078000,"There are opacities in the left lung and right upper lung, which probably represent asymmetric pulmonary edema. | Asymmetric opacities in the lung is probably moderate pulmonary edema, however underlying pulmonary contusion, pneumonia, or aspiration is also possible in correct clinical setting."
10151556,56216770,/mnt/c/Users/Zila/Downloads/BN5212/MIMIC-CXR/p10/p10/p10151556/s56216770.txt,Edema,conflicting,negative|positive,True,,False,,,,2184-03-02T17:27:11.406000,2184-03-02T17:27:11.406000,Today there has been an increase in moderate left pleural effusion and the left lung consolidation is more pronounced than on ___ which could be combination of pneumonia and local edema or simply worsening of pneumonia. | Right lung is free of edema but there is persistent mild vascular congestion.
10151556,56216770,/mnt/c/Users/Zila/Downloads/BN5212/MIMIC-CXR/p10/p10/p10151556/s56216770.txt,Pleural effusion,conflicting,negative|positive,True,,False,,,,2184-03-02T17:27:11.406000,2184-03-02T17:27:11.406000,Today there has been an increase in moderate left pleural effusion and the left lung consolidation is more pronounced than on ___ which could be combination of pneumonia and local edema or simply worsening of pneumonia. | The associated pleural effusion could be an exudate. | No appreciable right no pleural effusion.
10151713,56375818,/mnt/c/Users/Zila/Downloads/BN5212/MIMIC-CXR/p10/p10/p10151713/s56375818.txt,Hernia,uncertain,uncertain,True,,False,,,,2160-09-28T09:56:31.703000,2160-09-28T09:56:31.703000,Cardiomediastinal and hilar silhouettes are normal aside from possible small hiatus hernia.
10151713,53475872,/mnt/c/Users/Zila/Downloads/BN5212/MIMIC-CXR/p10/p10/p10151713/s53475872.txt,Pleural effusion,uncertain,uncertain,True,,False,,,,2162-03-22T23:01:13.968000,2162-03-22T23:01:13.968000,"There is mild blunting of the right costophrenic angle, possibly due to pleural thickening or a small pleural effusion."
10152086,53501551,/mnt/c/Users/Zila/Downloads/BN5212/MIMIC-CXR/p10/p10/p10152086/s53501551.txt,Pleural effusion,uncertain,uncertain,True,,False,,,,2159-06-12T15:30:09.375000,2159-06-12T15:30:09.375000,"There is bibasilar atelectasis, greater on the left, with a possible small left pleural effusion. | Left greater than right basilar atelectasis and possible small left pleural effusion."
10153922,53261045,/mnt/c/Users/Zila/Downloads/BN5212/MIMIC-CXR/p10/p10/p10153922/s53261045.txt,Pulmonary edema,uncertain,uncertain,True,,False,,,,2119-06-09T16:23:10.265000,2119-06-09T16:23:10.265000,"There is some prominence of the pulmonary interstitial markings suggestive of pulmonary edema, mild."
10156269,58754239,/mnt/c/Users/Zila/Downloads/BN5212/MIMIC-CXR/p10/p10/p10156269/s58754239.txt,Pulmonary edema,uncertain,uncertain,True,,False,,,,2193-02-06T05:02:54.156000,2193-02-06T05:02:54.156000,"There is interval increase in bibasal consolidations and interval development of pleural effusions, findings that might be concerning for pulmonary edema."
10156395,56372742,/mnt/c/Users/Zila/Downloads/BN5212/MIMIC-CXR/p10/p10/p10156395/s56372742.txt,Edema,uncertain,uncertain,True,,False,,,,2146-04-23T22:26:37.609000,2146-04-23T22:26:37.609000,"This could represent CHF with interstitial edema, though a diffuse interstitial process could have a similar appearance."
