subject_id,split
10000032,train
10000898,train
10000935,train
10000980,test
10001122,train
10001176,train
10001217,train
10001401,train
10001884,train
10002013,train
10002428,train
10002430,train
10002559,test
10003019,test
10003299,train
10003400,test
10003502,test
10003637,train
10004235,train
10005024,train
10005368,train
10005749,train
10005858,test
10005866,val
10006431,val
10006457,train
10007058,train
10007795,train
10007920,val
10007928,train
10008304,train
10008816,train
10009049,train
10010150,val
10010231,train
10010440,test
10010471,val
10010867,train
10011126,train
10011365,train
10011607,test
10011668,train
10011938,train
10012261,train
10012292,test
10012768,train
10012853,val
10013502,test
10013569,train
10013643,test
10013653,train
10014078,val
10014354,test
10014610,train
10014729,train
10014765,train
10014967,val
10015048,test
10015129,train
10015487,train
10015785,train
10015860,train
10015931,train
10016084,test
10016367,train
10016742,train
10018081,train
10018205,train
10018328,train
10018423,train
10018712,val
10019003,test
10019385,train
10019517,val
10019568,train
10019777,train
10020306,train
10020435,train
10020740,train
10020852,test
10020944,train
10021348,test
10021487,train
10021666,val
10021927,train
10021938,train
10022037,train
10022041,val
10022373,train
10023117,train
10023708,train
10024331,train
10024913,train
10024982,train
10025139,train
10025268,train
10025630,train
10025647,train
10026255,test
10026263,train
10026354,train
10026698,test
10026950,train
10027100,train
10027602,train
10027957,train
10028480,train
10029291,val
10029411,val
10029874,train
10030487,test
10030753,test
10031687,test
10031816,train
10031850,test
10032409,train
10032725,val
10033552,val
10035631,train
10035780,test
10036086,train
10037020,train
10037432,train
10037602,train
10037928,train
10037967,test
10038332,val
10038999,train
10039272,train
10039302,train
10039708,train
10040025,train
10040631,train
10040884,train
10041408,val
10041918,test
10042810,val
10043115,val
10043177,val
10043321,train
10043423,test
10043646,train
10044096,test
10044189,train
10044316,train
10045929,train
10046166,train
10046241,train
10046592,val
10046679,train
10047172,test
10047766,train
10048001,train
10048244,train
10048451,train
10048522,train
10048710,train
10048986,train
10049334,train
10049341,train
10049902,train
10050755,val
10051043,train
10051990,train
10052277,train
10052926,train
10052992,val
10053207,train
10053611,train
10054277,train
10054639,train
10055034,train
10055344,test
10055361,train
10055694,test
10056223,train
10056612,test
10057005,train
10057009,train
10057763,train
10058150,train
10058575,val
10058974,train
10059690,test
10060142,train
10060204,test
10060703,val
10060863,train
10061593,train
10061731,val
10062020,train
10062501,train
10062617,train
10062692,test
10062981,test
10063280,train
10063534,train
10063856,train
10064049,train
10064390,train
10064678,train
10065125,train
10065354,val
10065383,train
10065615,val
10065767,val
10065990,train
10065997,train
10066209,train
10067530,train
10067702,train
10068026,train
10068304,train
10068741,train
10068880,test
10069423,train
10070288,test
10070311,train
10070330,train
10070592,val
10070614,train
10070928,train
10071281,train
10071403,train
10071620,train
10071869,train
10072153,train
10072167,train
10072264,train
10072945,test
10073182,train
10073336,train
10073646,val
10073847,train
10074282,val
10074321,test
10074323,val
10074434,train
10074556,train
10074908,train
10076144,train
10076263,train
10076526,train
10076617,train
10076958,train
10077298,train
10078072,train
10078115,train
10078480,train
10078805,train
10079117,train
10079290,train
10079467,val
10080421,train
10080443,train
10080695,val
10080928,train
10080961,train
10081045,test
10081245,train
10081525,val
10081869,train
10081891,train
10082014,train
10082543,train
10082560,train
10083708,train
10083754,train
10083833,train
10084245,train
10084454,train
10086390,train
10087588,train
10087922,val
10088198,test
10088355,val
10088669,train
10088799,train
10088966,train
10089085,test
10090257,train
10090919,train
10091327,test
10091629,train
10092009,train
10093425,val
10094107,train
10094121,test
10094132,train
10094706,train
10094971,val
10095139,train
10095141,train
10095181,train
10095258,train
10095286,test
10095570,train
10095982,train
10096391,val
10097232,val
10097612,train
10098008,test
10098672,test
10098993,train
10099480,train
10099497,train
10099652,train
10099869,train
10100035,test
10100177,test
10100810,train
10101070,val
10101282,train
10101518,train
10101585,train
10101795,train
10102822,test
10103318,train
10103748,train
10104308,train
10104335,train
10104549,test
10104730,train
10104732,train
10105456,train
10106244,val
10106890,train
10106899,test
10107208,train
10108435,val
10108709,train
10108868,val
10109085,test
10109555,train
10109668,train
10109899,val
10110584,train
10110764,train
10110843,val
10111075,train
10111112,train
10111614,train
10112548,train
10113381,val
10113512,train
10113628,train
10113857,test
10113898,train
10114059,train
10114834,val
10115182,val
10115397,train
10115586,val
10115962,train
10116085,train
10116166,train
10116258,train
10116289,test
10116310,train
10116621,test
10117130,test
10117273,train
10117741,train
10118141,train
10119001,train
10119391,train
10119514,test
10119692,val
10119760,train
10119910,train
10119916,train
10119992,train
10120109,train
10120330,test
10121003,train
10121316,train
10121579,train
10122392,test
10122589,train
10123063,test
10123147,train
10123699,train
10123949,val
10123997,train
10124029,train
10124346,train
10124367,val
10124807,train
10124825,test
10125888,train
10126619,test
10127132,train
10127462,val
10127469,train
10127517,train
10128191,val
10129015,train
10129052,train
10129119,train
10129254,train
10129384,train
10129815,train
10130111,train
10130573,train
10130585,train
10130795,train
10131237,train
10131388,train
10131707,train
10132217,train
10132365,train
10132419,train
10132988,test
10133075,test
10133708,test
10133926,val
10134321,train
10134328,val
10134367,train
10135015,train
10135376,val
10135557,train
10136491,train
10136619,train
10136781,test
10136839,train
10136921,train
10136978,train
10137100,train
10137289,train
10137553,train
10138124,train
10138440,train
10138917,test
10139117,train
10139461,train
10140467,train
10141035,train
10141364,train
10141505,val
10141559,train
10141577,train
10142207,train
10142391,train
10142639,val
10142844,test
10143015,train
10143711,val
10144083,train
10144239,train
10144359,val
10144406,train
10144424,train
10144569,val
10145301,train
10145374,train
10145417,test
10145540,train
10145553,train
10146281,train
10146311,val
10146602,train
10146603,train
10146735,train
10146782,train
10146904,train
10146971,train
10146991,train
10147087,train
10147499,train
10147617,test
10148145,train
10148417,train
10148533,val
10149287,train
10149316,train
10149498,val
10149624,train
10149722,train
10150056,train
10150279,val
10150465,train
10150767,train
10150882,train
10150911,val
10150980,train
10151324,test
10151556,train
10151713,val
10152086,test
10152121,train
10152414,train
10152675,test
10152878,train
10153623,train
10153782,train
10153922,test
10154271,train
10154473,val
10154479,train
10154578,val
10155042,train
10155734,test
10155766,train
10156269,train
10156395,val
